timestamp,pixel_x,pixel_y,world_x_m,world_y_m,elapsed_time
1783179857.4307077,1294,301,1.0295070573190936,-0.6886661818437935,0.0
1783179857.7294145,1294,301,1.02947971255479,-0.6886816065956383,0.2987067699432373
1783179857.8394132,1294,301,1.02947971255479,-0.6886816065956383,0.408705472946167
1783179857.936576,1294,301,1.02947971255479,-0.6886816065956383,0.5058681964874268
1783179858.0247517,1294,301,1.02947971255479,-0.6886816065956383,0.5940439701080322
1783179858.1131988,1294,301,1.02947971255479,-0.6886816065956383,0.6824910640716553
1783179858.1924329,1294,301,1.02947971255479,-0.6886816065956383,0.7617251873016357
1783179858.272258,1294,301,1.02947971255479,-0.6886816065956383,0.841550350189209
1783179858.3522232,1294,301,1.02947971255479,-0.6886816065956383,0.9215154647827148
1783179858.4166732,1294,301,1.02947971255479,-0.6886816065956383,0.9859654903411865
1783179858.4918008,1294,301,1.02947971255479,-0.6886816065956383,1.0610930919647217
1783179858.5649002,1294,301,1.02947971255479,-0.6886816065956383,1.1341924667358398
1783179858.640735,1294,301,1.02947971255479,-0.6886816065956383,1.2100272178649902
1783179858.7181776,1294,301,1.02947971255479,-0.6886816065956383,1.2874698638916016
1783179858.79015,1294,301,1.02947971255479,-0.6886816065956383,1.3594422340393066
1783179858.8642511,1294,301,1.02947971255479,-0.6886816065956383,1.4335434436798096
1783179858.9382098,1294,301,1.02947971255479,-0.6886816065956383,1.5075020790100098
1783179859.0207973,1294,301,1.02947971255479,-0.6886816065956383,1.5900895595550537
1783179859.098794,1294,301,1.02947971255479,-0.6886816065956383,1.668086290359497
1783179859.1804883,1294,301,1.02947971255479,-0.6886816065956383,1.7497806549072266
1783179859.2686257,1294,301,1.02947971255479,-0.6886816065956383,1.8379180431365967
1783179859.3491755,1294,301,1.02947971255479,-0.6886816065956383,1.9184677600860596
1783179859.426498,1294,301,1.02947971255479,-0.6886816065956383,1.9957902431488037
1783179859.5090506,1294,301,1.02947971255479,-0.6886816065956383,2.078342914581299
1783179859.5841231,1294,301,1.02947971255479,-0.6886816065956383,2.1534154415130615
1783179859.6740613,1294,301,1.02947971255479,-0.6886816065956383,2.2433536052703857
1783179859.7544177,1294,301,1.02947971255479,-0.6886816065956383,2.3237099647521973
1783179859.837628,1294,301,1.02947971255479,-0.6886816065956383,2.4069201946258545
1783179859.9144044,1294,301,1.02947971255479,-0.6886816065956383,2.483696699142456
1783179859.9944582,1294,301,1.02947971255479,-0.6886816065956383,2.5637505054473877
1783179860.0650012,1294,301,1.02947971255479,-0.6886816065956383,2.634293556213379
1783179860.1402838,1294,301,1.02947971255479,-0.6886816065956383,2.70957612991333
1783179860.2250953,1294,301,1.02947971255479,-0.6886816065956383,2.7943875789642334
1783179860.3027148,1294,301,1.02947971255479,-0.6886816065956383,2.872007131576538
1783179860.3707008,1293,301,1.0279893871302213,-0.688525327164776,2.939993143081665
1783179860.4489179,1293,301,1.0279893871302213,-0.688525327164776,3.0182101726531982
1783179860.5297453,1293,301,1.0279893871302213,-0.688525327164776,3.0990376472473145
1783179860.6281703,1293,301,1.0279893871302213,-0.688525327164776,3.197462558746338
1783179860.7175426,1293,301,1.0279893871302213,-0.688525327164776,3.286834955215454
1783179860.8015773,1293,301,1.0279893871302213,-0.688525327164776,3.3708696365356445
1783179860.874909,1293,301,1.0279893871302213,-0.688525327164776,3.4442012310028076
1783179860.9554298,1293,301,1.0279893871302213,-0.688525327164776,3.524722099304199
1783179861.034474,1293,301,1.027775377217275,-0.6885385068930182,3.6037662029266357
1783179861.1046128,1293,301,1.027775377217275,-0.6885385068930182,3.67390513420105
1783179861.1777735,1293,301,1.027775377217275,-0.6885385068930182,3.747065782546997
1783179861.2522345,1293,301,1.027775377217275,-0.6885385068930182,3.8215267658233643
1783179861.3189204,1293,301,1.027775377217275,-0.6885385068930182,3.8882126808166504
1783179861.3878634,1293,301,1.027775377217275,-0.6885385068930182,3.957155704498291
1783179861.464758,1293,301,1.027775377217275,-0.6885385068930182,4.034050226211548
1783179861.5285423,1293,301,1.027775377217275,-0.6885385068930182,4.097834587097168
1783179861.6047301,1293,301,1.027775377217275,-0.6885385068930182,4.174022436141968
1783179861.6741521,1293,301,1.027775377217275,-0.6885385068930182,4.243444442749023
1783179861.7826376,1293,301,1.027775377217275,-0.6885385068930182,4.3519299030303955
1783179861.860331,1293,301,1.027775377217275,-0.6885385068930182,4.429623365402222
1783179861.9325886,1293,301,1.027775377217275,-0.6885385068930182,4.501880884170532
1783179862.0130823,1293,301,1.027775377217275,-0.6885385068930182,4.582374572753906
1783179862.0884163,1293,301,1.027775377217275,-0.6885385068930182,4.657708644866943
1783179862.1648679,1293,301,1.027775377217275,-0.6885385068930182,4.7341601848602295
1783179862.2389996,1293,301,1.027775377217275,-0.6885385068930182,4.808291912078857
1783179862.3120663,1293,301,1.027775377217275,-0.6885385068930182,4.881358623504639
1783179862.3842506,1293,301,1.027775377217275,-0.6885385068930182,4.953542947769165
1783179862.4603338,1293,301,1.027775377217275,-0.6885385068930182,5.029626131057739
1783179862.5230012,1293,301,1.027775377217275,-0.6885385068930182,5.0922935009002686
1783179862.5929387,1293,301,1.027775377217275,-0.6885385068930182,5.162230968475342
1783179862.668919,1293,301,1.027775377217275,-0.6885385068930182,5.238211393356323
1783179862.7346778,1293,301,1.027775377217275,-0.6885385068930182,5.303970098495483
1783179862.8003762,1293,301,1.027775377217275,-0.6885385068930182,5.369668483734131
1783179862.869037,1293,301,1.027775377217275,-0.6885385068930182,5.438329219818115
1783179862.9304588,1293,301,1.027775377217275,-0.6885385068930182,5.499751091003418
1783179862.9972117,1293,301,1.027775377217275,-0.6885385068930182,5.566504001617432
1783179863.0723784,1293,301,1.027775377217275,-0.6885385068930182,5.6416707038879395
1783179863.1524875,1293,301,1.027775377217275,-0.6885385068930182,5.721779823303223
1783179863.2161775,1293,301,1.027775377217275,-0.6885385068930182,5.7854697704315186
1783179863.2931185,1293,301,1.027775377217275,-0.6885385068930182,5.8624107837677
1783179863.365873,1293,301,1.027775377217275,-0.6885385068930182,5.9351654052734375
1783179863.439912,1293,301,1.027775377217275,-0.6885385068930182,6.009204387664795
1783179863.5205815,1293,301,1.027775377217275,-0.6885385068930182,6.089873790740967
1783179863.6014626,1293,301,1.027775377217275,-0.6885385068930182,6.170754909515381
1783179863.6784465,1293,301,1.027775377217275,-0.6885385068930182,6.247738838195801
1783179863.7513962,1293,301,1.027775377217275,-0.6885385068930182,6.320688486099243
1783179863.8302991,1293,301,1.027775377217275,-0.6885385068930182,6.399591445922852
1783179863.910038,1293,301,1.027775377217275,-0.6885385068930182,6.47933030128479
1783179863.972366,1293,301,1.027775377217275,-0.6885385068930182,6.541658401489258
1783179864.0386584,1293,301,1.027775377217275,-0.6885385068930182,6.607950687408447
1783179864.1213377,1293,301,1.027775377217275,-0.6885385068930182,6.690629959106445
1783179864.2132664,1293,301,1.027775377217275,-0.6885385068930182,6.7825586795806885
1783179864.310141,1293,301,1.027775377217275,-0.6885385068930182,6.8794333934783936
1783179864.3845365,1295,301,1.0318350610611982,-0.689269769130575,6.953828811645508
1783179864.4647691,1295,301,1.0318350610611982,-0.689269769130575,7.034061431884766
1783179864.530038,1295,301,1.0318350610611982,-0.689269769130575,7.099330425262451
1783179864.6062562,1295,301,1.0318350610611982,-0.689269769130575,7.175548553466797
1783179864.6779869,1295,301,1.0318350610611982,-0.689269769130575,7.247279167175293
1783179864.7508786,1295,301,1.0318350610611982,-0.689269769130575,7.320170879364014
1783179864.8244212,1295,301,1.0318350610611982,-0.689269769130575,7.393713474273682
1783179864.9062474,1295,301,1.0318350610611982,-0.689269769130575,7.475539684295654
1783179864.983216,1295,301,1.0318350610611982,-0.689269769130575,7.552508354187012
1783179865.0630527,1295,301,1.0318350610611982,-0.689269769130575,7.632344961166382
1783179865.1407104,1295,301,1.0318350610611982,-0.689269769130575,7.710002660751343
1783179865.2138221,1295,301,1.0318350610611982,-0.689269769130575,7.783114433288574
1783179865.2843578,1295,301,1.0318350610611982,-0.689269769130575,7.853650093078613
1783179865.3602023,1295,301,1.0318350610611982,-0.689269769130575,7.929494619369507
1783179865.4331868,1295,301,1.0318350610611982,-0.689269769130575,8.002479076385498
1783179865.5036647,1295,301,1.0318350610611982,-0.689269769130575,8.072957038879395
1783179865.5823312,1295,301,1.0318350610611982,-0.689269769130575,8.151623487472534
1783179865.6559913,1295,301,1.0318350610611982,-0.689269769130575,8.2252836227417
1783179865.7281415,1295,301,1.0318350610611982,-0.689269769130575,8.297433853149414
1783179865.8085344,1295,301,1.0318350610611982,-0.689269769130575,8.377826690673828
1783179865.8803234,1295,301,1.0318350610611982,-0.689269769130575,8.449615716934204
1783179865.9593337,1295,301,1.0318350610611982,-0.689269769130575,8.528625965118408
1783179866.03151,1295,301,1.0318350610611982,-0.689269769130575,8.600802421569824
1783179866.106087,1295,301,1.0318350610611982,-0.689269769130575,8.675379276275635
1783179866.1689649,1295,301,1.0318350610611982,-0.689269769130575,8.73825716972351
1783179866.2418818,1295,301,1.0318350610611982,-0.689269769130575,8.811174154281616
1783179866.3125997,1295,301,1.0318350610611982,-0.689269769130575,8.881891965866089
1783179866.3799746,1295,301,1.0318350610611982,-0.689269769130575,8.949266910552979
1783179866.4590032,1295,301,1.0318350610611982,-0.689269769130575,9.028295516967773
1783179866.5332983,1295,301,1.031882224875373,-0.689299591411315,9.102590560913086
1783179866.601589,1295,301,1.031882224875373,-0.689299591411315,9.170881271362305
1783179866.6648521,1295,301,1.031882224875373,-0.689299591411315,9.234144449234009
1783179866.7390816,1295,301,1.031882224875373,-0.689299591411315,9.308373928070068
1783179866.8045013,1295,301,1.031882224875373,-0.689299591411315,9.373793601989746
1783179866.8803751,1295,301,1.031882224875373,-0.689299591411315,9.44966745376587
1783179866.958431,1295,301,1.031882224875373,-0.689299591411315,9.52772331237793
1783179867.0330553,1295,301,1.031882224875373,-0.689299591411315,9.602347612380981
1783179867.1061542,1295,301,1.031882224875373,-0.689299591411315,9.675446510314941
1783179867.1688838,1295,301,1.031882224875373,-0.689299591411315,9.738176107406616
1783179867.2312572,1295,301,1.031882224875373,-0.689299591411315,9.800549507141113
1783179867.3022192,1295,301,1.031882224875373,-0.689299591411315,9.871511459350586
1783179867.3769321,1295,301,1.031882224875373,-0.689299591411315,9.946224451065063
1783179867.4484572,1295,301,1.031882224875373,-0.689299591411315,10.017749547958374
1783179867.5210285,1295,301,1.031882224875373,-0.689299591411315,10.090320825576782
1783179867.5975502,1295,301,1.031882224875373,-0.689299591411315,10.166842460632324
1783179867.6707873,1295,301,1.031882224875373,-0.689299591411315,10.240079641342163
1783179867.7498689,1295,301,1.031882224875373,-0.689299591411315,10.319161176681519
1783179867.81774,1295,301,1.031882224875373,-0.689299591411315,10.387032270431519
1783179867.8934934,1295,301,1.031882224875373,-0.689299591411315,10.462785720825195
1783179867.9666567,1295,301,1.031882224875373,-0.689299591411315,10.535948991775513
1783179868.0403168,1295,301,1.031882224875373,-0.689299591411315,10.609609127044678
1783179868.1185408,1295,301,1.031882224875373,-0.689299591411315,10.687833070755005
1783179868.1946833,1295,301,1.031882224875373,-0.689299591411315,10.763975620269775
1783179868.2670743,1295,301,1.031882224875373,-0.689299591411315,10.836366653442383
1783179868.3377922,1294,301,1.0302328722267446,-0.6896202166800074,10.907084465026855
1783179868.400493,1294,301,1.0302328722267446,-0.6896202166800074,10.969785213470459
1783179868.4618146,1294,301,1.0302328722267446,-0.6896202166800074,11.031106948852539
1783179868.5335681,1294,301,1.0302328722267446,-0.6896202166800074,11.102860450744629
1783179868.6136906,1294,301,1.0302328722267446,-0.6896202166800074,11.182982921600342
1783179868.6771307,1294,301,1.0302328722267446,-0.6896202166800074,11.24642300605774
1783179868.7411828,1294,301,1.0302328722267446,-0.6896202166800074,11.31047511100769
1783179868.8135746,1294,301,1.0302328722267446,-0.6896202166800074,11.382866859436035
1783179868.888202,1294,301,1.0302328722267446,-0.6896202166800074,11.457494258880615
1783179868.9614623,1294,301,1.0302328722267446,-0.6896202166800074,11.530754566192627
1783179869.0370326,1294,301,1.0302328722267446,-0.6896202166800074,11.606324911117554
1783179869.0986946,1294,301,1.0302328722267446,-0.6896202166800074,11.667986869812012
1783179869.1723018,1294,301,1.0302328722267446,-0.6896202166800074,11.741594076156616
1783179869.2498326,1294,301,1.0302328722267446,-0.6896202166800074,11.819124937057495
1783179869.3229651,1294,301,1.0302328722267446,-0.6896202166800074,11.892257452011108
1783179869.3863723,1294,301,1.0302328722267446,-0.6896202166800074,11.95566463470459
1783179869.4487598,1294,301,1.0302328722267446,-0.6896202166800074,12.018052101135254
1783179869.5215213,1294,301,1.0302328722267446,-0.6896202166800074,12.090813636779785
1783179869.5970135,1294,301,1.0302328722267446,-0.6896202166800074,12.166305780410767
1783179869.6713,1294,301,1.0302328722267446,-0.6896202166800074,12.240592241287231
1783179869.7478328,1294,301,1.0302328722267446,-0.6896202166800074,12.317125082015991
1783179869.825592,1294,301,1.0302328722267446,-0.6896202166800074,12.39488434791565
1783179869.900971,1294,301,1.0302328722267446,-0.6896202166800074,12.470263242721558
1783179869.9741464,1294,301,1.0302328722267446,-0.6896202166800074,12.54343867301941
1783179870.0533218,1294,301,1.0302328722267446,-0.6896202166800074,12.62261414527893
1783179870.117949,1294,301,1.0302328722267446,-0.6896202166800074,12.687241315841675
1783179870.1954641,1294,301,1.0302328722267446,-0.6896202166800074,12.764756441116333
1783179870.2623696,1294,301,1.0302328722267446,-0.6896202166800074,12.831661939620972
1783179870.3293183,1294,301,1.0302328722267446,-0.6896202166800074,12.898610591888428
1783179870.4051025,1294,301,1.0302328722267446,-0.6896202166800074,12.974394798278809
1783179870.4767325,1294,301,1.0302328722267446,-0.6896202166800074,13.046024799346924
1783179870.5510921,1294,301,1.0302328722267446,-0.6896202166800074,13.120384454727173
1783179870.6296284,1294,302,1.0310696202568994,-0.6858098569170096,13.198920726776123
1783179870.688054,1294,303,1.0315337523943053,-0.6841028237381332,13.257346391677856
1783179870.7582314,1294,303,1.0315337523943053,-0.6841028237381332,13.327523708343506
1783179870.8722045,1294,303,1.0315337523943053,-0.6841028237381332,13.441496849060059
1783179870.9761121,1295,308,1.0329526578153565,-0.670804818504202,13.545404434204102
1783179871.1158848,1295,310,1.0320135573515055,-0.6652162488739566,13.685177087783813
1783179871.228639,1295,312,1.0328136134490853,-0.6597181331355868,13.79793119430542
1783179871.3374808,1295,312,1.0350173651525223,-0.6571258715909654,13.906773090362549
1783179871.4144397,1296,315,1.0353908047213558,-0.6498349815449574,13.983731985092163
1783179871.4918492,1296,316,1.0355940744322654,-0.6467543673346321,14.06114149093628
1783179871.5577724,1295,318,1.0347657627836186,-0.642850857869518,14.12706470489502
1783179871.6180487,1296,318,1.037312112564761,-0.642436398443827,14.18734097480774
1783179871.6876318,1295,319,1.0350856844353014,-0.6395535801848036,14.256924152374268
1783179871.7590337,1296,319,1.0365695266792891,-0.6385258533224965,14.328325986862183
1783179871.8328023,1298,320,1.042891791028683,-0.6351867545020302,14.402094602584839
1783179871.9132075,1297,322,1.0410873150091546,-0.6300091360205402,14.482499837875366
1783179871.9876902,1297,323,1.0423808487370603,-0.6288936526747918,14.556982517242432
1783179872.0491865,1296,325,1.0357932402403436,-0.6217067645448717,14.618478775024414
1783179872.1133513,1296,326,1.03731508491962,-0.6192885267654843,14.68264365196228
1783179872.1727147,1296,326,1.03731508491962,-0.6192885267654843,14.74200701713562
1783179872.2438061,1296,326,1.03731508491962,-0.6192885267654843,14.813098430633545
1783179872.3238173,1296,328,1.0357434859014993,-0.612469673412602,14.893109560012817
1783179872.3975098,1296,330,1.035512101693185,-0.6075736332985391,14.96680212020874
1783179872.474688,1296,331,1.0368603785411787,-0.6055135005783687,15.043980360031128
1783179872.54598,1296,332,1.0361289699623342,-0.6012733766364762,15.115272283554077
1783179872.6226091,1296,334,1.037043172450833,-0.5975146141650227,15.191901445388794
1783179872.6929166,1296,335,1.038019059046431,-0.5930787318482654,15.262208938598633
1783179872.7584338,1297,336,1.0393748450685316,-0.5910360066073581,15.327726125717163
1783179872.8209229,1296,337,1.0375935071660158,-0.5886417828736895,15.390215158462524
1783179872.8822107,1297,338,1.039893568577434,-0.5869333504748075,15.451503038406372
1783179872.9559703,1297,338,1.0420107185889271,-0.58520982187755,15.525262594223022
1783179873.0199213,1295,341,1.0345981665351278,-0.5779027671621559,15.589213609695435
1783179873.0932279,1296,342,1.0356442339088232,-0.5752646236096526,15.662520170211792
1783179873.158704,1296,343,1.0381189393219503,-0.5715161751382625,15.727996349334717
1783179873.2275362,1296,344,1.0377097953329812,-0.570452044449168,15.796828508377075
1783179873.3028703,1296,344,1.0377398102087816,-0.5695967494750563,15.872162580490112
1783179873.379168,1296,345,1.037064490857286,-0.5651361366248925,15.948460340499878
1783179873.4566362,1296,346,1.03783085914585,-0.5629631484028335,16.025928497314453
1783179873.529816,1297,348,1.0415526536584148,-0.5587532743171376,16.09910821914673
1783179873.6251347,1297,349,1.0395616451021725,-0.5552720691861464,16.194427013397217
1783179873.7009137,1297,350,1.0389420594685983,-0.5514555060976051,16.270205974578857
1783179873.7784522,1297,351,1.0404907279935458,-0.5498514949117601,16.347744464874268
1783179873.8535132,1297,352,1.041466467835748,-0.5480505813664763,16.422805547714233
1783179873.9275975,1296,353,1.0380465188303492,-0.5437221696506133,16.49688982963562
1783179874.0057886,1296,354,1.0377357330924633,-0.5424364054804083,16.57508087158203
1783179874.0796866,1296,356,1.0377294399371109,-0.5367669611363687,16.64897894859314
1783179874.157164,1296,358,1.0383253207802101,-0.5305775911843372,16.7264564037323
1783179874.2300782,1296,359,1.0384914800459286,-0.5282660826230926,16.799370527267456
1783179874.304941,1296,359,1.0374202446696181,-0.5271481379945693,16.87423324584961
1783179874.3755665,1295,361,1.035217938949318,-0.5228820749036429,16.94485878944397
1783179874.4370978,1296,362,1.0370031541532854,-0.5198908915346769,17.00639009475708
1783179874.499947,1296,364,1.0357530421620635,-0.5141901432399023,17.069239377975464
1783179874.5742276,1296,364,1.0357530421620635,-0.5141901432399023,17.14351987838745
1783179874.637614,1296,365,1.0353993630416554,-0.5101489555373149,17.20690631866455
1783179874.7153277,1296,367,1.0371954031068522,-0.5058070986934919,17.2846200466156
1783179874.7855318,1296,368,1.0359764383754475,-0.5034655674099562,17.35482406616211
1783179874.8490968,1296,369,1.0358113277906502,-0.49905282563306796,17.418389081954956
1783179874.926795,1296,369,1.0358113277906502,-0.49905282563306796,17.496087312698364
1783179875.0019352,1296,370,1.0361953160317994,-0.4953023205083536,17.571227550506592
1783179875.0746655,1296,372,1.0358389834841204,-0.49107257053418985,17.64395785331726
1783179875.14923,1296,373,1.0361302816100104,-0.4881114598205218,17.718522310256958
1783179875.222145,1296,375,1.0372902443799117,-0.4839943313593093,17.79143738746643
1783179875.2939107,1296,375,1.036810927227745,-0.4827419882111433,17.863203048706055
1783179875.3600109,1296,376,1.0366219318845493,-0.48063198735654733,17.92930316925049
1783179875.421318,1296,378,1.0376799962301353,-0.4740133255035461,17.990610361099243
1783179875.487085,1296,381,1.0382866960321402,-0.4648339213388454,18.056377410888672
1783179875.5499446,1297,382,1.0391212564627161,-0.4626202821874185,18.119236946105957
1783179875.6162412,1296,383,1.0387464482663586,-0.4617390544139617,18.18553352355957
1783179875.6911905,1297,383,1.0394103219820705,-0.461171855081091,18.260482788085938
1783179875.7680287,1297,384,1.0396947591304113,-0.4581265860318842,18.337321043014526
1783179875.8473017,1297,385,1.0416699930212518,-0.454996622082999,18.4165940284729
1783179875.9112551,1297,388,1.0418039207666605,-0.4475236954633192,18.480547428131104
1783179875.9860406,1297,388,1.0403019952266301,-0.4455081388406195,18.555332899093628
1783179876.0603008,1297,389,1.0409338125788592,-0.4446551212020763,18.62959313392639
1783179876.1446292,1297,390,1.0402311292403048,-0.44178703672106057,18.713921546936035
1783179876.2185774,1297,392,1.040593325495108,-0.43510890957411,18.787869691848755
1783179876.2965264,1297,393,1.0411477275096543,-0.4324923430126245,18.865818738937378
1783179876.3560338,1298,394,1.0434154422598614,-0.4297456932723365,18.925326108932495
1783179876.4326484,1298,394,1.0434154422598614,-0.4297456932723365,19.001940727233887
1783179876.4996898,1297,397,1.040633331535677,-0.4222042223313076,19.068982124328613
1783179876.570214,1297,398,1.0411597217703519,-0.4194527418094342,19.139506340026855
1783179876.649579,1298,399,1.043307352842123,-0.4148745395054244,19.218871355056763
1783179876.7138696,1298,400,1.0429694827728746,-0.4134661057463624,19.283161878585815
1783179876.7816505,1297,401,1.0412822031140416,-0.4115193444674915,19.350942850112915
1783179876.8536181,1298,402,1.04276096587348,-0.4076852228208337,19.422910451889038
1783179876.9255188,1297,403,1.0415881587457738,-0.40393708061869715,19.494811058044434
1783179877.00328,1297,404,1.0408103605255028,-0.40152552396120655,19.572572231292725
1783179877.0751843,1297,405,1.0419615567223353,-0.3978477959928342,19.644476652145386
1783179877.1478624,1298,406,1.0426034008632206,-0.39699662812644526,19.71715474128723
1783179877.221689,1298,407,1.042696860762987,-0.3945962732369171,19.79098129272461
1783179877.2853515,1299,408,1.0463957306504674,-0.3900968338476934,19.85464382171631
1783179877.3628044,1298,410,1.0443669502413997,-0.3852446565823451,19.93209671974182
1783179877.4253125,1298,410,1.043882932858661,-0.3837539096184899,19.99460482597351
1783179877.4898283,1297,411,1.0422138824970693,-0.38146973535047934,20.059120655059814
1783179877.5603368,1297,413,1.0423872435119435,-0.37694582236410845,20.129629135131836
1783179877.6343424,1298,414,1.043458555137394,-0.37447273541264425,20.20363473892212
1783179877.7094598,1298,414,1.043792061779072,-0.37282925342212275,20.278752088546753
1783179877.7827067,1298,416,1.0455160770211238,-0.369667296953351,20.351999044418335
1783179877.858413,1298,416,1.0436953225622894,-0.3675769649978374,20.42770528793335
1783179877.9362905,1298,418,1.0455476681305829,-0.3632044248135718,20.505582809448242
1783179878.011126,1299,420,1.0472580337352964,-0.358095100118828,20.580418348312378
1783179878.0876179,1299,420,1.0468194207983919,-0.35598756070338466,20.656910181045532
1783179878.1470048,1298,422,1.0449448858090833,-0.3524382966680649,20.716297149658203
1783179878.212781,1298,422,1.0449448858090833,-0.3524382966680649,20.782073259353638
1783179878.2812173,1298,423,1.0452078444874204,-0.3479934213402483,20.850509643554688
1783179878.3490727,1298,425,1.045384873897118,-0.34288256862182653,20.918365001678467
1783179878.4130259,1298,426,1.045178215184935,-0.3412540148997132,20.98231816291809
1783179878.4854462,1298,427,1.0456907198883347,-0.3390657253388189,21.054738521575928
1783179878.5588233,1298,427,1.0454087857427776,-0.33767118085575476,21.1281156539917
1783179878.621012,1299,428,1.0462514635046969,-0.3337781228730366,21.190304279327393
1783179878.700357,1299,430,1.0474994816238659,-0.3294671505592581,21.269649267196655
1783179878.7720459,1299,431,1.0471195376065192,-0.3270938652363527,21.34133815765381
1783179878.8449955,1298,432,1.0461100242745178,-0.3249196392866412,21.41428780555725
1783179878.9194615,1299,433,1.0473006482389415,-0.3216120530670704,21.48875379562378
1783179878.9921706,1299,434,1.0483883218473538,-0.31952814371947075,21.561462879180908
1783179879.0694141,1299,435,1.049204539480569,-0.31446021790384254,21.63870644569397
1783179879.1437461,1299,436,1.0483608589800664,-0.312138334833648,21.713038444519043
1783179879.2197657,1299,437,1.0473522755896068,-0.3098177382289469,21.789057970046997
1783179879.295993,1299,438,1.0480328012049622,-0.30660722180587824,21.865285396575928
1783179879.3707266,1299,440,1.047957791375701,-0.30111678931028985,21.940018892288208
1783179879.4469445,1299,441,1.0477011443302378,-0.2985368552220443,22.016236782073975
1783179879.5172095,1299,442,1.0481337933410955,-0.29661558225655243,22.086501836776733
1783179879.580796,1299,443,1.047934754637608,-0.292047808619863,22.1500883102417
1783179879.6446223,1299,445,1.0489887791410053,-0.2883745049192373,22.21391463279724
1783179879.7097816,1299,446,1.048037121323636,-0.28549775670183336,22.27907395362854
1783179879.7719355,1299,447,1.0474748296842016,-0.28301608999609373,22.341227769851685
1783179879.845217,1299,448,1.0470613191502056,-0.28007216596356543,22.414509296417236
1783179879.9233022,1299,449,1.0477574679755388,-0.27683714823489525,22.492594480514526
1783179879.9950328,1299,449,1.0479414127002555,-0.27507001117244584,22.564325094223022
1783179880.0686946,1299,451,1.0496413893665089,-0.27044714032288447,22.63798689842224
1783179880.1498263,1300,452,1.0514906892118265,-0.2681583725206182,22.71911859512329
1783179880.2136662,1300,453,1.0516273161819103,-0.2642446395973412,22.782958507537842
1783179880.2896612,1300,454,1.0507317357397183,-0.26212557165455413,22.85895347595215
1783179880.3669157,1299,456,1.046487551644878,-0.2566185679855425,22.93620800971985
1783179880.4343367,1299,457,1.0482722523947514,-0.25360791502589375,23.003628969192505
1783179880.496883,1299,459,1.0476725028232403,-0.24767600360408504,23.06617522239685
1783179880.5709245,1299,460,1.0485684469982464,-0.24683565468058197,23.140216827392578
1783179880.6419375,1300,461,1.049812387915549,-0.24413700707310704,23.21122980117798
1783179880.7118342,1300,462,1.0504286800511609,-0.23993942784241537,23.281126499176025
1783179880.7838643,1300,463,1.0512644181923598,-0.23740592837765395,23.353156566619873
1783179880.8572032,1300,464,1.0517983615915278,-0.2347504196281596,23.42649555206299
1783179880.9288054,1300,466,1.0504518687706994,-0.22976323146669014,23.49809765815735
1783179881.002476,1300,466,1.0524521719006272,-0.22788830250697956,23.571768283843994
1783179881.07903,1301,468,1.0535250072431042,-0.22371832649225054,23.648322343826294
1783179881.1549988,1300,469,1.0521395753206801,-0.22091415393531255,23.7242910861969
1783179881.2291963,1300,471,1.0531227001159735,-0.21552255461879,23.79848861694336
1783179881.3049848,1301,471,1.0542467996120755,-0.21421397839782075,23.874277114868164
1783179881.378309,1301,473,1.053914253613153,-0.21010080174540546,23.947601318359375
1783179881.4566884,1301,474,1.0546581530610153,-0.2073658302684669,24.025980710983276
1783179881.5322754,1301,476,1.053795527986879,-0.2023948295107403,24.10156774520874
1783179881.6101544,1300,477,1.052509424852983,-0.19734224398391736,24.179446697235107
1783179881.6761582,1300,478,1.0524550500954921,-0.1959493337351743,24.245450496673584
1783179881.7529714,1300,478,1.0526644885593381,-0.19458537985197086,24.322263717651367
1783179881.8168714,1300,480,1.053199932634443,-0.18890392726230198,24.38616371154785
1783179881.8835492,1300,481,1.052333439550213,-0.1864359366702611,24.45284152030945
1783179881.9452033,1300,483,1.051144304495276,-0.1828896700960556,24.514495611190796
1783179882.0070565,1300,483,1.051258922001069,-0.18188094866361423,24.576348781585693
1783179882.079427,1300,483,1.0522088568700223,-0.18070691852518692,24.648719310760498
1783179882.1429865,1300,486,1.0517131930167303,-0.17434110024424826,24.712278842926025
1783179882.2079012,1300,487,1.0520961200554597,-0.17109186564111467,24.777193546295166
1783179882.269938,1301,488,1.0539726262760525,-0.1680863532988923,24.83923029899597
1783179882.3428686,1300,489,1.0530195229132506,-0.16601543353697165,24.912160873413086
1783179882.4217372,1300,489,1.0522772240864242,-0.1641549008521904,24.991029500961304
1783179882.4882212,1301,490,1.055252643891578,-0.16100169451832813,25.05751347541809
1783179882.5565789,1301,492,1.0548606635645066,-0.1555284976118577,25.125871181488037
1783179882.6192935,1301,493,1.0552616672242923,-0.15236970382505838,25.18858575820923
1783179882.686448,1301,494,1.0553781373100906,-0.14988510192027954,25.25574040412903
1783179882.7598066,1301,496,1.0551398550137605,-0.14633581998289497,25.32909893989563
1783179882.834215,1301,496,1.0543780573864152,-0.1439767179222024,25.403507232666016
1783179882.9024897,1301,497,1.0559664243268152,-0.14175533497515735,25.471781969070435
1783179882.9786296,1301,499,1.0548436131510273,-0.13825945907484818,25.547921895980835
1783179883.0582163,1301,499,1.0546067423205647,-0.1359681731998552,25.627508640289307
1783179883.1339967,1301,501,1.0546847337227059,-0.13203985247553193,25.703289031982422
1783179883.205209,1301,502,1.054678226600473,-0.1296860225640255,25.77450132369995
1783179883.2778668,1301,503,1.0564699009521783,-0.12576932928164175,25.847159147262573
1783179883.3562727,1302,504,1.0571021680976849,-0.1224223206774768,25.925565004348755
1783179883.431791,1301,505,1.0566420324288217,-0.12040564277807837,26.001083374023438
1783179883.4971368,1301,507,1.0544625377118666,-0.11488009442117715,26.066429138183594
1783179883.5616822,1300,508,1.0533269766366269,-0.1123184219018137,26.130974531173706
1783179883.62302,1301,509,1.0538438504122172,-0.11012273073527788,26.192312240600586
1783179883.7000992,1300,509,1.0532754971760554,-0.10789587254490313,26.269391536712646
1783179883.7722244,1301,511,1.0545375433031297,-0.10229242237663438,26.341516733169556
1783179883.8380837,1301,512,1.0547953024920635,-0.09994488791561024,26.407376050949097
1783179883.904038,1301,514,1.0549940414749315,-0.09637694943999997,26.47333025932312
1783179883.9756153,1301,515,1.0544293513828704,-0.093389152747266,26.544907569885254
1783179884.0474923,1301,515,1.0560095464965757,-0.09145549929395543,26.61678457260132
1783179884.12007,1301,516,1.0550726997631625,-0.08893309195350747,26.689362287521362
1783179884.194265,1301,517,1.0554020734502856,-0.08658240344779837,26.763557195663452
1783179884.2714643,1301,520,1.0550281726251538,-0.07975268489954557,26.84075665473938
1783179884.345136,1301,521,1.0565032976615345,-0.07566291154171834,26.914428234100342
1783179884.414049,1301,522,1.0560222592625121,-0.07318228195607895,26.983341217041016
1783179884.4874063,1301,523,1.0554216415220532,-0.06984791122281968,27.05669856071472
1783179884.564878,1301,525,1.056810757765185,-0.06576617162768009,27.134170293807983
1783179884.6419988,1302,525,1.057344327004161,-0.06400165065847493,27.211291074752808
1783179884.7083855,1302,526,1.059060561750536,-0.06103455715998552,27.27767777442932
1783179884.7842774,1302,527,1.0575284662692985,-0.05835722550940289,27.353569746017456
1783179884.8577995,1302,529,1.0574024851612147,-0.053208386044620117,27.42709183692932
1783179884.9193048,1301,530,1.0564470251492049,-0.05131050692762755,27.48859715461731
1783179884.9930525,1302,530,1.0579519166087872,-0.050039402429083404,27.562344789505005
1783179885.0595386,1302,532,1.058489836565887,-0.0457788504529098,27.628830909729004
1783179885.1322186,1302,532,1.0595107453133672,-0.043880888000109794,27.701510906219482
1783179885.2118864,1302,534,1.0595382763086594,-0.03817193940214548,27.78117871284485
1783179885.2853673,1303,535,1.060788297499478,-0.03612313425529464,27.85465955734253
1783179885.3628438,1302,537,1.0592629928251949,-0.03218130334822243,27.932136058807373
1783179885.4359803,1302,538,1.0593366230536618,-0.029389102715170173,28.00527262687683
1783179885.512217,1302,539,1.0578250898086647,-0.026381637245245122,28.081509351730347
1783179885.5908728,1302,540,1.0595145435761062,-0.0222039339345169,28.160165071487427
1783179885.6559367,1302,542,1.0602405319367523,-0.017880583899714978,28.225229024887085
1783179885.7184932,1302,542,1.0599780088672968,-0.016040400376614573,28.287785530090332
1783179885.7891803,1302,543,1.0600972053400233,-0.014230505575218185,28.3584725856781
1783179885.862276,1302,544,1.0602746036140431,-0.011679530227469665,28.431568384170532
1783179885.9241443,1302,546,1.0604460783647773,-0.00693402826840918,28.493436574935913
1783179885.987145,1303,547,1.0617892243356228,-0.0023467932857595387,28.556437253952026
1783179886.068984,1303,548,1.0620570686782904,-0.00024847125561044394,28.63827633857727
1783179886.131436,1303,549,1.0617050265542056,0.0016681848294421379,28.70072841644287
1783179886.1971495,1303,550,1.0621932048493556,0.003936051476738405,28.766441822052002
1783179886.2694046,1303,551,1.0623858770516328,0.00929718235234908,28.83869695663452
1783179886.3308318,1303,552,1.0624028725591015,0.011386825774011377,28.900124073028564
1783179886.412134,1303,553,1.0614621005268585,0.013661472261007338,28.981426239013672
1783179886.477575,1303,555,1.0622992151178423,0.018020194235214594,29.04686737060547
1783179886.545111,1303,556,1.0637263368416143,0.022785518965434473,29.114403247833252
1783179886.6078403,1303,557,1.0637144690958784,0.02539350521575762,29.177132606506348
1783179886.6759963,1303,558,1.0626265368871908,0.02814169826633031,29.245288610458374
1783179886.7546768,1303,559,1.063207889523047,0.029445429927365145,29.32396912574768
1783179886.8285656,1303,560,1.0616652771612667,0.03420908238982366,29.397857904434204
1783179886.9056523,1303,561,1.0626452347248951,0.03669396607376963,29.474944591522217
1783179886.9793615,1303,563,1.063405609147272,0.04208998673916273,29.548653841018677
1783179887.0530677,1303,564,1.0627733430653432,0.04403981561751197,29.62235999107361
1783179887.1314075,1303,565,1.063413699864956,0.048086611830291615,29.70069980621338
1783179887.1945922,1303,566,1.0639359240733046,0.05029069256576697,29.76388454437256
1783179887.2605066,1304,567,1.0649526216770724,0.05281808980866571,29.829798936843872
1783179887.3241825,1304,569,1.065362661415984,0.057211343583386365,29.893474817276
1783179887.38859,1304,569,1.0654978284270769,0.05723320036466752,29.957882404327393
1783179887.4524057,1304,569,1.066132401348698,0.05716129138786677,30.021697998046875
1783179887.523538,1304,568,1.0655266989642562,0.05601925735051659,30.092830419540405
1783179887.6028867,1304,568,1.0655935404189154,0.056139972470175076,30.172178983688354
1783179887.6657124,1304,569,1.0658416674899547,0.05743732988706471,30.235004663467407
1783179887.7287865,1304,569,1.0658416674899547,0.05743732988706471,30.298078775405884
1783179887.8018587,1304,569,1.065916233147234,0.05729838194375174,30.371150970458984
1783179887.8689365,1304,568,1.0655463628100288,0.05679238696926213,30.438228845596313
1783179887.9412978,1304,568,1.0655463628100288,0.05679238696926213,30.510590076446533
1783179888.0215027,1304,568,1.0656667684296794,0.05680613263367229,30.590795040130615
1783179888.0999117,1304,570,1.0645422881663955,0.06033455062428286,30.669203996658325
1783179888.1749232,1304,571,1.0651907120467834,0.06463760076671386,30.744215488433838
1783179888.2543335,1304,573,1.065004335530249,0.07000275375185588,30.823625802993774
1783179888.3179963,1303,575,1.0636068341540441,0.07433124744518285,30.887288570404053
1783179888.3839025,1304,575,1.06603885572176,0.07521247821124522,30.953194856643677
1783179888.4494004,1304,577,1.0658054961222985,0.07948314712618353,31.0186927318573
1783179888.5233042,1304,578,1.0670164281534,0.08202743183341484,31.092596530914307
1783179888.6016433,1304,578,1.0661004969767296,0.0846039717900466,31.17093563079834
1783179888.6684103,1304,580,1.0675741993582224,0.08835017875758266,31.23770260810852
1783179888.7301571,1305,581,1.0685314940967736,0.09072044344174078,31.29944944381714
1783179888.8050659,1304,581,1.0669997186803917,0.09281685632638147,31.37435817718506
1783179888.8822298,1304,583,1.0669787823731252,0.09671850445337063,31.4515221118927
1783179888.941285,1304,585,1.0655560177323937,0.10178393443201393,31.51057720184326
1783179889.024305,1304,585,1.0655560177323937,0.10178393443201393,31.593597412109375
1783179889.0976887,1304,585,1.0655532998224182,0.10180314522274382,31.666980981826782
1783179889.165859,1304,584,1.0656441657999223,0.10073678006541453,31.735151290893555
1783179889.2280126,1304,584,1.065642671764879,0.10073793501508363,31.79730486869812
1783179889.3072672,1304,584,1.0664677420339512,0.10143400876672636,31.876559495925903
1783179889.3849902,1304,584,1.0664677420339512,0.10143400876672636,31.954282522201538
1783179889.4553943,1304,584,1.0662234893138756,0.10116371620816332,32.02468657493591
1783179889.522137,1304,584,1.0660390313258747,0.10060964927447505,32.091429233551025
1783179889.600459,1304,584,1.0660390313258747,0.10060964927447505,32.16975140571594
1783179889.6760385,1304,584,1.0660865310785337,0.10121701473751511,32.245330810546875
1783179889.7433696,1304,584,1.066038823251548,0.10116016024157394,32.31266188621521
1783179889.8181245,1304,584,1.0656671148896253,0.10105354609456428,32.38741683959961
1783179889.8959458,1304,584,1.0657398089907693,0.10100241224433787,32.465238094329834
1783179889.9744625,1304,584,1.0657398089907693,0.10100241224433787,32.5437548160553
1783179890.0480497,1304,584,1.0659001238834638,0.1010791122804287,32.61734199523926
1783179890.1100059,1304,584,1.0659001238834638,0.1010791122804287,32.67929816246033
1783179890.1717339,1304,584,1.0658501421991644,0.10103840526310089,32.741026163101196
1783179890.2379653,1304,585,1.0661183458230377,0.10166857871046736,32.807257652282715
1783179890.3030796,1304,587,1.0661282852740874,0.10848179713884018,32.87237191200256
1783179890.3702824,1304,588,1.0667472493532424,0.1110488795046744,32.93957471847534
1783179890.4373393,1304,589,1.0669721187971712,0.11349622580482473,33.00663161277771
1783179890.4993672,1304,591,1.0669071156743979,0.11910969362610282,33.06865954399109
1783179890.560561,1304,591,1.0657012790957836,0.12055560477868561,33.12985324859619
1783179890.6253366,1304,592,1.0653484612631767,0.12336515942191027,33.194628953933716
1783179890.6998181,1304,593,1.0672733610699439,0.12561833312262063,33.269110441207886
1783179890.7724843,1304,595,1.0675220216582604,0.13019924789377332,33.341776609420776
1783179890.850735,1305,595,1.0699490093172423,0.1320613198012391,33.42002725601196
1783179890.927466,1304,597,1.0677141674428252,0.13663587766642468,33.496758222579956
1783179891.0010774,1305,599,1.0678980276552446,0.14167819504532167,33.570369720458984
1783179891.0656974,1305,600,1.0679688003733399,0.14500862792152686,33.634989738464355
1783179891.14085,1304,601,1.067530228399339,0.14675288487363092,33.710142374038696
1783179891.2162416,1305,601,1.0684547738037753,0.14809817953248114,33.7855339050293
1783179891.2789707,1305,603,1.0689930480184657,0.1519555837711463,33.84826302528381
1783179891.3419719,1305,604,1.0698440324119862,0.15659866583688153,33.911264181137085
1783179891.415897,1305,604,1.0698440324119862,0.15659866583688153,33.98518919944763
1783179891.4858701,1305,606,1.0697428710698833,0.16152876827562265,34.05516242980957
1783179891.5584676,1305,607,1.0691860036728298,0.16291268492110825,34.12775993347168
1783179891.6339648,1305,608,1.070175014826758,0.16688031656193975,34.20325708389282
1783179891.7063148,1305,609,1.0705317234455882,0.17101665450420783,34.275607109069824
1783179891.7761612,1305,610,1.0703930763933411,0.17374326162828121,34.34545350074768
1783179891.8419979,1306,611,1.071625218691679,0.175694161837405,34.41129016876221
1783179891.9149494,1305,613,1.0705668988118664,0.1817597220309512,34.48424172401428
1783179891.9921272,1305,614,1.0709672369577659,0.18503501448126997,34.56141948699951
1783179892.0680056,1306,616,1.0715064033514135,0.19037665670528248,34.63729786872864
1783179892.1426098,1306,617,1.0726065322413665,0.19215346449997586,34.711902141571045
1783179892.2215283,1306,619,1.072673033060862,0.1970438375592238,34.790820598602295
1783179892.2860754,1306,620,1.0727036787919102,0.19972785120948897,34.85536766052246
1783179892.3482845,1307,622,1.0751197019911092,0.20563639533638622,34.91757678985596
1783179892.4224098,1307,622,1.076635973869363,0.20733298952410223,34.99170207977295
1783179892.4992082,1307,623,1.0760632488406314,0.20949137338941934,35.06850051879883
1783179892.5734777,1306,625,1.0748117251666076,0.21343236724791884,35.14277005195618
1783179892.6517248,1307,626,1.0751140885014427,0.21826674949305136,35.22101712226868
1783179892.7244313,1306,627,1.0748653457911959,0.2208286557382654,35.293723583221436
1783179892.7984922,1306,628,1.0735022973160395,0.2226083884324869,35.36778450012207
1783179892.8722248,1306,628,1.0736275797653587,0.2235493534276262,35.44151711463928
1783179892.9340372,1306,628,1.0736275797653587,0.2235493534276262,35.50332951545715
1783179893.0012913,1306,628,1.073775148135549,0.22335766354930148,35.57058358192444
1783179893.0645988,1306,628,1.0737169460045983,0.2231915217090332,35.633891105651855
1783179893.1269534,1306,628,1.0737169460045983,0.2231915217090332,35.6962456703186
1783179893.1913939,1306,628,1.0737169460045983,0.2231915217090332,35.76068615913391
1783179893.257139,1306,628,1.0737169460045983,0.2231915217090332,35.82643127441406
1783179893.3203113,1306,628,1.0737169460045983,0.2231915217090332,35.88960361480713
1783179893.382205,1306,628,1.0737169460045983,0.2231915217090332,35.951497316360474
1783179893.4442046,1306,628,1.0737169460045983,0.2231915217090332,36.01349687576294
1783179893.5234752,1306,628,1.0737169460045983,0.2231915217090332,36.09276747703552
1783179893.5973632,1306,628,1.0737169460045983,0.2231915217090332,36.16665554046631
1783179893.6738908,1306,628,1.0737169460045983,0.2231915217090332,36.24318313598633
1783179893.743292,1306,628,1.0737169460045983,0.2231915217090332,36.312584400177
1783179893.8177545,1306,628,1.0738422179256213,0.22321183698976793,36.387046813964844
1783179893.8893244,1306,627,1.072068856298295,0.22039701993283872,36.458616733551025
1783179893.964389,1306,625,1.0717843038188835,0.21358589304589953,36.53368139266968
1783179894.0550706,1305,623,1.0711382443686654,0.20976786484513454,36.62436294555664
1783179894.1238542,1305,621,1.0711335287769683,0.2034021200106586,36.69314646720886
1783179894.186395,1305,620,1.0710464182791126,0.19908478198043908,36.75568723678589
1783179894.246864,1305,619,1.0695743810696867,0.19680267875042318,36.8161563873291
1783179894.3148324,1305,617,1.068966595598487,0.19268164604815843,36.884124755859375
1783179894.3867123,1305,615,1.0694979940046931,0.18771712658585618,36.95600461959839
1783179894.4663744,1304,613,1.0675668663425097,0.18072677919559876,37.035666704177856
1783179894.5446098,1304,612,1.0657231798860674,0.17809417673958436,37.11390209197998
1783179894.618363,1304,611,1.0663281432027303,0.1744847750033948,37.187655210494995
1783179894.6914303,1304,610,1.0664734043484474,0.17126736163166595,37.260722637176514
1783179894.7662108,1304,608,1.0657853758895373,0.16777393630769202,37.33550310134888
1783179894.8395574,1304,606,1.0648591337945212,0.1610061568171985,37.40884971618652
1783179894.911729,1304,606,1.0653763470721231,0.1622940477650694,37.48102140426636
1783179894.9751725,1304,607,1.0676531799556923,0.1630830518888652,37.54446482658386
1783179895.0464234,1305,607,1.0680581448784947,0.1639256909923814,37.615715742111206
1783179895.1083212,1304,607,1.0667519884729102,0.16300083570718724,37.677613496780396
1783179895.171777,1304,606,1.0672952802529343,0.1620814458563427,37.741069316864014
1783179895.2350814,1304,606,1.0676127958581374,0.16241300380026485,37.8043737411499
1783179895.3015592,1305,606,1.0678691618693366,0.16273335008745132,37.87085151672363
1783179895.3762212,1305,606,1.067861715539182,0.16277904563077178,37.94551348686218
1783179895.4548094,1304,606,1.0675710454567569,0.16232627762689372,38.02410173416138
1783179895.5186365,1304,606,1.0675710454567569,0.16232627762689372,38.087928771972656
1783179895.580072,1304,606,1.067766852800937,0.16235468357612506,38.14936423301697
1783179895.6463392,1305,606,1.0680108662002838,0.16253434394519103,38.21563148498535
1783179895.709413,1305,606,1.0680108662002838,0.16253434394519103,38.27870535850525
1783179895.7734299,1304,606,1.0675552080777069,0.1624846975859333,38.34272217750549
1783179895.8352969,1304,606,1.067714226707314,0.16237124139751904,38.40458917617798
1783179895.8998873,1304,606,1.067714226707314,0.16237124139751904,38.46917963027954
1783179895.9618883,1304,606,1.0676154922474264,0.16244099287453473,38.53118062019348
1783179896.0229588,1304,606,1.067642431231911,0.16244492665888455,38.59225106239319
1783179896.096489,1304,606,1.067642431231911,0.16244492665888455,38.66578125953674
1783179896.165366,1304,606,1.067642431231911,0.16244492665888455,38.73465824127197
1783179896.2385361,1304,606,1.067642431231911,0.16244492665888455,38.807828426361084
1783179896.3169355,1305,606,1.068501161622877,0.16267718011866683,38.88622784614563
1783179896.390879,1305,606,1.06848727900042,0.16266007949871095,38.96017122268677
1783179896.4677,1305,606,1.06848727900042,0.16266007949871095,39.03699231147766
1783179896.5446131,1305,606,1.06848727900042,0.16266007949871095,39.11390542984009
1783179896.618498,1305,606,1.06848727900042,0.16266007949871095,39.187790393829346
1783179896.6975405,1305,606,1.06848727900042,0.16266007949871095,39.26683282852173
1783179896.78304,1305,606,1.06848727900042,0.16266007949871095,39.35233235359192
1783179896.872723,1305,606,1.06848727900042,0.16266007949871095,39.442015409469604
1783179896.9608016,1305,606,1.06848727900042,0.16266007949871095,39.53009390830994
1783179897.0344512,1305,606,1.06848727900042,0.16266007949871095,39.60374355316162
1783179897.112182,1305,606,1.06848727900042,0.16266007949871095,39.68147420883179
1783179897.1798933,1305,606,1.06848727900042,0.16266007949871095,39.74918556213379
1783179897.257071,1305,606,1.06848727900042,0.16266007949871095,39.82636332511902
1783179897.3188715,1305,606,1.06848727900042,0.16266007949871095,39.888163805007935
1783179897.3864233,1305,606,1.06848727900042,0.16266007949871095,39.95571565628052
1783179897.4514735,1305,606,1.06848727900042,0.16266007949871095,40.02076578140259
1783179897.5262563,1305,606,1.06848727900042,0.16266007949871095,40.09554862976074
1783179897.5929506,1305,606,1.06848727900042,0.16266007949871095,40.1622428894043
1783179897.6538038,1305,606,1.06848727900042,0.16266007949871095,40.22309613227844
1783179897.717333,1305,606,1.06848727900042,0.16266007949871095,40.286625385284424
1783179897.7809682,1305,606,1.06848727900042,0.16266007949871095,40.350260496139526
1783179897.8481846,1305,606,1.06848727900042,0.16266007949871095,40.41747689247131
1783179897.9209335,1305,606,1.06848727900042,0.16266007949871095,40.49022579193115
1783179897.987817,1305,606,1.06848727900042,0.16266007949871095,40.557109355926514
1783179898.0619454,1305,606,1.06848727900042,0.16266007949871095,40.631237745285034
1783179898.134805,1305,606,1.06848727900042,0.16266007949871095,40.704097270965576
1783179898.2000678,1305,606,1.06848727900042,0.16266007949871095,40.769360065460205
1783179898.2725985,1305,606,1.06848727900042,0.16266007949871095,40.841890811920166
1783179898.3499732,1305,606,1.06848727900042,0.16266007949871095,40.91926550865173
1783179898.4189577,1305,606,1.06848727900042,0.16266007949871095,40.98825001716614
1783179898.4949007,1305,606,1.06848727900042,0.16266007949871095,41.0641930103302
1783179898.5683196,1305,606,1.06848727900042,0.16266007949871095,41.137611865997314
1783179898.6446946,1305,606,1.06848727900042,0.16266007949871095,41.21398687362671
1783179898.718729,1305,606,1.06848727900042,0.16266007949871095,41.28802132606506
1783179898.797027,1305,606,1.06848727900042,0.16266007949871095,41.36631941795349
1783179898.8703926,1305,606,1.06848727900042,0.16266007949871095,41.43968486785889
1783179898.9461288,1305,606,1.06848727900042,0.16266007949871095,41.51542115211487
1783179899.0132723,1305,606,1.06848727900042,0.16266007949871095,41.58256459236145
1783179899.0911589,1305,606,1.06848727900042,0.16266007949871095,41.66045117378235
1783179899.1505554,1305,606,1.06848727900042,0.16266007949871095,41.719847679138184
1783179899.231311,1305,606,1.06848727900042,0.16266007949871095,41.80060338973999
1783179899.2995698,1305,606,1.06848727900042,0.16266007949871095,41.86886215209961
1783179899.3746843,1305,606,1.06848727900042,0.16266007949871095,41.943976640701294
1783179899.4385462,1305,606,1.06848727900042,0.16266007949871095,42.00783848762512
1783179899.5048637,1305,606,1.06848727900042,0.16266007949871095,42.074156045913696
1783179899.5682232,1305,606,1.06848727900042,0.16266007949871095,42.13751554489136
1783179899.6420302,1305,606,1.06848727900042,0.16266007949871095,42.21132254600525
1783179899.7158973,1305,606,1.06848727900042,0.16266007949871095,42.285189628601074
1783179899.789481,1305,606,1.06848727900042,0.16266007949871095,42.35877323150635
1783179899.8698783,1305,606,1.06848727900042,0.16266007949871095,42.439170598983765
1783179899.9340308,1305,606,1.06848727900042,0.16266007949871095,42.50332307815552
1783179900.002598,1305,606,1.06848727900042,0.16266007949871095,42.571890354156494
1783179900.0629,1305,606,1.06848727900042,0.16266007949871095,42.63219237327576
1783179900.1223247,1305,606,1.06848727900042,0.16266007949871095,42.691617012023926
1783179900.1813424,1305,606,1.06848727900042,0.16266007949871095,42.75063467025757
1783179900.2459118,1305,606,1.06848727900042,0.16266007949871095,42.81520414352417
1783179900.3082244,1305,606,1.06848727900042,0.16266007949871095,42.877516746520996
1783179900.3733296,1305,606,1.06848727900042,0.16266007949871095,42.94262194633484
1783179900.4376533,1305,606,1.06848727900042,0.16266007949871095,43.00694561004639
1783179900.4982853,1305,606,1.06848727900042,0.16266007949871095,43.067577600479126
1783179900.558178,1305,606,1.06848727900042,0.16266007949871095,43.12747025489807
1783179900.6168034,1305,606,1.06848727900042,0.16266007949871095,43.18609571456909
1783179900.6753538,1305,606,1.06848727900042,0.16266007949871095,43.244646072387695
1783179900.7340055,1305,606,1.06848727900042,0.16266007949871095,43.30329775810242
1783179900.7924511,1305,606,1.06848727900042,0.16266007949871095,43.361743450164795
1783179900.855868,1305,606,1.06848727900042,0.16266007949871095,43.42516040802002
1783179900.9152057,1305,606,1.06848727900042,0.16266007949871095,43.484498023986816
1783179900.9756792,1305,606,1.06848727900042,0.16266007949871095,43.54497146606445
1783179901.0360112,1305,606,1.06848727900042,0.16266007949871095,43.60530352592468
1783179901.095209,1305,606,1.06848727900042,0.16266007949871095,43.66450119018555
1783179901.1704721,1305,606,1.06848727900042,0.16266007949871095,43.73976445198059
1783179901.3200731,1304,607,1.0664407082149512,0.16305817781484852,43.889365434646606
1783179901.4049702,1304,607,1.0669990062172439,0.16301737776515499,43.97426247596741
1783179901.4983728,1304,607,1.0669990062172439,0.16301737776515499,44.067665100097656
1783179901.578273,1304,607,1.0669990062172439,0.16301737776515499,44.14756536483765
1783179901.659959,1304,607,1.0669990062172439,0.16301737776515499,44.22925138473511
1783179901.73491,1304,607,1.0669990062172439,0.16301737776515499,44.30420231819153
1783179901.7975626,1304,607,1.0669990062172439,0.16301737776515499,44.36685490608215
1783179901.865452,1304,607,1.0669990062172439,0.16301737776515499,44.434744358062744
1783179901.931361,1304,607,1.0669990062172439,0.16301737776515499,44.50065326690674
1783179901.9930677,1304,607,1.0669990062172439,0.16301737776515499,44.56236004829407
1783179902.0610669,1304,607,1.0669990062172439,0.16301737776515499,44.630359172821045
1783179902.1263418,1304,607,1.0669990062172439,0.16301737776515499,44.69563412666321
1783179902.1902106,1304,607,1.0669990062172439,0.16301737776515499,44.75950288772583
1783179902.251005,1304,607,1.0669990062172439,0.16301737776515499,44.82029724121094
1783179902.3284066,1304,607,1.0669990062172439,0.16301737776515499,44.89769887924194
1783179902.4050689,1304,607,1.0669990062172439,0.16301737776515499,44.974361181259155
1783179902.476828,1304,607,1.0669990062172439,0.16301737776515499,45.046120405197144
1783179902.5574226,1304,607,1.0669990062172439,0.16301737776515499,45.12671494483948
1783179902.6577039,1304,607,1.0669990062172439,0.16301737776515499,45.226996183395386
1783179902.7249212,1304,607,1.0669990062172439,0.16301737776515499,45.29421353340149
1783179902.803153,1304,607,1.0669990062172439,0.16301737776515499,45.37244534492493
1783179902.8759644,1304,607,1.0669990062172439,0.16301737776515499,45.44525671005249
1783179902.9563518,1304,607,1.0669990062172439,0.16301737776515499,45.525644063949585
1783179903.0343423,1304,607,1.0669990062172439,0.16301737776515499,45.60363459587097
1783179903.1101072,1304,607,1.0669990062172439,0.16301737776515499,45.679399490356445
1783179903.1788166,1304,607,1.0669990062172439,0.16301737776515499,45.748108863830566
1783179903.2618108,1304,607,1.0669990062172439,0.16301737776515499,45.83110308647156
1783179903.3443704,1304,607,1.0669990062172439,0.16301737776515499,45.91366267204285
1783179903.4199548,1304,607,1.0669990062172439,0.16301737776515499,45.98924708366394
1783179903.4974825,1304,607,1.0669990062172439,0.16301737776515499,46.06677484512329
1783179903.56445,1304,607,1.0669990062172439,0.16301737776515499,46.133742332458496
1783179903.6417754,1304,607,1.0669990062172439,0.16301737776515499,46.21106767654419
1783179903.7166998,1304,607,1.0669990062172439,0.16301737776515499,46.28599214553833
1783179903.7928863,1304,607,1.0669990062172439,0.16301737776515499,46.362178564071655
1783179903.864999,1304,607,1.0669990062172439,0.16301737776515499,46.43429136276245
1783179903.9428627,1304,607,1.0669990062172439,0.16301737776515499,46.512155055999756
1783179904.016123,1304,607,1.0669990062172439,0.16301737776515499,46.58541536331177
1783179904.0826206,1304,607,1.0669990062172439,0.16301737776515499,46.65191292762756
1783179904.1603737,1304,607,1.0669990062172439,0.16301737776515499,46.729665994644165
1783179904.225194,1304,607,1.0669990062172439,0.16301737776515499,46.79448628425598
1783179904.2903576,1305,607,1.06779668786364,0.16294512297973826,46.859649896621704
1783179904.367551,1305,607,1.06779668786364,0.16294512297973826,46.936843395233154
1783179904.4355595,1305,607,1.06779668786364,0.16294512297973826,47.00485181808472
1783179904.4977188,1305,607,1.06779668786364,0.16294512297973826,47.06701111793518
1783179904.5676727,1305,607,1.06779668786364,0.16294512297973826,47.13696503639221
1783179904.6426513,1305,607,1.06779668786364,0.16294512297973826,47.21194362640381
1783179904.7111204,1305,607,1.06779668786364,0.16294512297973826,47.280412673950195
1783179904.796954,1305,607,1.06779668786364,0.16294512297973826,47.36624622344971
1783179904.888542,1305,607,1.06779668786364,0.16294512297973826,47.457834243774414
1783179904.9752657,1305,607,1.06779668786364,0.16294512297973826,47.54455804824829
1783179905.077455,1305,607,1.06779668786364,0.16294512297973826,47.64674735069275
1783179905.1573792,1305,607,1.06779668786364,0.16294512297973826,47.72667145729065
1783179905.2427323,1305,607,1.06779668786364,0.16294512297973826,47.81202459335327
1783179905.314089,1305,607,1.06779668786364,0.16294512297973826,47.883381366729736
1783179905.3770802,1305,607,1.06779668786364,0.16294512297973826,47.946372509002686
1783179905.4574425,1305,607,1.06779668786364,0.16294512297973826,48.026734828948975
1783179905.5329823,1305,607,1.06779668786364,0.16294512297973826,48.102274656295776
1783179905.5959692,1305,607,1.06779668786364,0.16294512297973826,48.1652615070343
1783179905.6704762,1305,607,1.06779668786364,0.16294512297973826,48.239768505096436
