timestamp,frame_x,frame_y,world_x_m,world_y_m,world_x_smooth_m,world_y_smooth_m,time_elapsed
1777125785.3269167,1322,291,-0.0606,0.0032,-0.0606,0.0032,0.000
1777125785.7227247,1322,291,-0.0606,0.0032,-0.0606,0.0032,0.396
1777125785.8327932,1322,291,-0.0606,0.0032,-0.0606,0.0032,0.506
1777125785.915058,1322,291,-0.0606,0.0032,-0.0606,0.0032,0.588
1777125785.997205,1322,291,-0.0606,0.0032,-0.0606,0.0032,0.670
1777125786.0787942,1322,291,-0.0606,0.0032,-0.0606,0.0032,0.752
1777125786.1773977,1322,291,-0.0606,0.0032,-0.0606,0.0032,0.850
1777125786.2689452,1322,291,-0.0606,0.0032,-0.0606,0.0032,0.942
1777125786.3600795,1322,291,-0.0606,0.0032,-0.0606,0.0032,1.033
1777125786.4768598,1322,291,-0.0606,0.0032,-0.0606,0.0032,1.150
1777125786.5679064,1322,291,-0.0606,0.0032,-0.0606,0.0032,1.241
1777125786.6543207,1322,291,-0.0606,0.0032,-0.0606,0.0032,1.327
1777125786.7638483,1322,291,-0.0606,0.0032,-0.0606,0.0032,1.437
1777125786.8525233,1322,291,-0.0606,0.0032,-0.0606,0.0032,1.526
1777125786.9332533,1322,291,-0.0606,0.0032,-0.0606,0.0032,1.606
1777125787.0123394,1322,291,-0.0606,0.0032,-0.0606,0.0032,1.685
1777125787.0937982,1322,291,-0.0606,0.0032,-0.0606,0.0032,1.767
1777125787.170677,1322,291,-0.0606,0.0032,-0.0606,0.0032,1.844
1777125787.2492805,1322,291,-0.0606,0.0032,-0.0606,0.0032,1.922
1777125787.3272016,1322,291,-0.0606,0.0032,-0.0606,0.0032,2.000
1777125787.412745,1322,291,-0.0606,0.0032,-0.0606,0.0032,2.086
1777125787.4976423,1322,291,-0.0606,0.0032,-0.0606,0.0032,2.171
1777125787.5790331,1322,291,-0.0606,0.0032,-0.0606,0.0032,2.252
1777125787.6515806,1322,291,-0.0606,0.0032,-0.0606,0.0032,2.325
1777125787.7360194,1322,291,-0.0606,0.0032,-0.0606,0.0032,2.409
1777125787.8164566,1322,291,-0.0606,0.0032,-0.0606,0.0032,2.490
1777125787.892767,1322,291,-0.0606,0.0032,-0.0606,0.0032,2.566
1777125787.9685614,1322,291,-0.0606,0.0032,-0.0606,0.0032,2.642
1777125788.0477765,1322,291,-0.0606,0.0032,-0.0606,0.0032,2.721
1777125788.121284,1322,291,-0.0606,0.0032,-0.0606,0.0032,2.794
1777125788.1926966,1322,291,-0.0606,0.0032,-0.0606,0.0032,2.866
1777125788.2686965,1322,291,-0.0606,0.0032,-0.0606,0.0032,2.942
1777125788.340047,1322,291,-0.0606,0.0032,-0.0606,0.0032,3.013
1777125788.4179907,1322,291,-0.0606,0.0032,-0.0606,0.0032,3.091
1777125788.4996483,1322,291,-0.0606,0.0032,-0.0606,0.0032,3.173
1777125788.5753584,1322,291,-0.0606,0.0032,-0.0606,0.0032,3.248
1777125788.6465423,1322,291,-0.0606,0.0032,-0.0606,0.0032,3.320
1777125788.7225726,1322,291,-0.0606,0.0032,-0.0606,0.0032,3.396
1777125788.8027523,1322,291,-0.0606,0.0032,-0.0604,0.0031,3.476
1777125788.8738303,1322,291,-0.0606,0.0032,-0.0611,0.0034,3.547
1777125788.9527392,1322,291,-0.0627,0.0040,-0.0622,0.0037,3.626
1777125789.0309837,1322,291,-0.0627,0.0040,-0.0629,0.0040,3.704
1777125789.1106956,1322,291,-0.0627,0.0040,-0.0627,0.0040,3.784
1777125789.1815538,1322,291,-0.0627,0.0040,-0.0627,0.0040,3.855
1777125789.2523735,1322,291,-0.0627,0.0040,-0.0627,0.0040,3.925
1777125789.3322284,1322,291,-0.0627,0.0040,-0.0627,0.0040,4.005
1777125789.4092915,1322,291,-0.0627,0.0040,-0.0627,0.0040,4.082
1777125789.4840157,1322,291,-0.0627,0.0040,-0.0627,0.0040,4.157
1777125789.5584857,1322,291,-0.0627,0.0040,-0.0575,0.0064,4.232
1777125789.6909385,1322,291,-0.0627,0.0040,-0.0783,-0.0035,4.364
1777125789.7864218,1322,291,-0.1234,-0.0250,-0.1078,-0.0176,4.460
1777125789.8712587,1322,291,-0.1234,-0.0250,-0.1286,-0.0275,4.544
1777125789.9406035,1322,291,-0.1234,-0.0250,-0.1234,-0.0250,4.614
1777125790.0077417,1322,291,-0.1234,-0.0250,-0.1234,-0.0250,4.681
1777125790.0748603,1322,291,-0.1234,-0.0250,-0.1234,-0.0250,4.748
1777125790.1510334,1322,291,-0.1234,-0.0250,-0.1234,-0.0250,4.824
1777125790.2214975,1322,291,-0.1234,-0.0250,-0.1234,-0.0250,4.895
1777125790.288626,1322,291,-0.1234,-0.0250,-0.1234,-0.0250,4.962
1777125790.3554118,1322,291,-0.1234,-0.0250,-0.1234,-0.0250,5.028
1777125790.4216201,1322,291,-0.1234,-0.0250,-0.1234,-0.0250,5.095
1777125790.486007,1322,291,-0.1234,-0.0250,-0.1234,-0.0250,5.159
1777125790.5525506,1322,291,-0.1234,-0.0250,-0.1234,-0.0250,5.226
1777125790.6316526,1322,291,-0.1234,-0.0250,-0.1234,-0.0250,5.305
1777125790.697465,1322,291,-0.1234,-0.0250,-0.1234,-0.0250,5.371
1777125790.7631817,1322,291,-0.1234,-0.0250,-0.1234,-0.0250,5.436
1777125790.8353717,1322,291,-0.1234,-0.0250,-0.1234,-0.0250,5.508
1777125790.9547834,1322,291,-0.1234,-0.0250,-0.1234,-0.0250,5.628
1777125791.099242,1322,291,-0.1234,-0.0250,-0.1234,-0.0250,5.772
1777125791.2028203,1322,291,-0.1234,-0.0250,-0.1234,-0.0250,5.876
1777125791.271081,1322,291,-0.1234,-0.0250,-0.1234,-0.0250,5.944
1777125791.3424516,1322,291,-0.1234,-0.0250,-0.1234,-0.0250,6.016
1777125791.4133883,1322,291,-0.1234,-0.0250,-0.1234,-0.0250,6.086
1777125791.4844627,1322,291,-0.1234,-0.0250,-0.1234,-0.0250,6.158
1777125791.5591993,1322,291,-0.1234,-0.0250,-0.1234,-0.0250,6.232
1777125791.626029,1322,291,-0.1234,-0.0250,-0.1234,-0.0250,6.299
1777125791.7030306,1322,291,-0.1234,-0.0250,-0.1234,-0.0250,6.376
1777125791.7745855,1322,291,-0.1234,-0.0250,-0.1234,-0.0250,6.448
1777125791.8430543,1322,291,-0.1234,-0.0250,-0.1234,-0.0250,6.516
1777125791.9089642,1322,291,-0.1234,-0.0250,-0.1259,-0.0270,6.582
1777125791.9800282,1322,291,-0.1234,-0.0250,-0.1159,-0.0191,6.653
1777125792.0465932,1321,291,-0.0940,-0.0020,-0.1016,-0.0079,6.720
1777125792.1108642,1321,291,-0.0940,-0.0020,-0.0915,-0.0000,6.784
1777125792.176436,1321,291,-0.0940,-0.0020,-0.0940,-0.0020,6.850
1777125792.2458844,1321,291,-0.0940,-0.0020,-0.0924,-0.0007,6.919
1777125792.3112273,1321,291,-0.0940,-0.0020,-0.0989,-0.0060,6.984
1777125792.3769124,1321,291,-0.1128,-0.0176,-0.1080,-0.0136,7.050
1777125792.441459,1321,291,-0.1128,-0.0176,-0.1144,-0.0189,7.115
1777125792.505489,1321,291,-0.1128,-0.0176,-0.1128,-0.0176,7.179
1777125792.5761366,1321,291,-0.1128,-0.0176,-0.1128,-0.0176,7.249
1777125792.6490984,1321,291,-0.1128,-0.0176,-0.1128,-0.0176,7.322
1777125792.7151158,1321,291,-0.1128,-0.0176,-0.1128,-0.0176,7.388
1777125792.7812102,1321,291,-0.1128,-0.0176,-0.1128,-0.0176,7.454
1777125792.8561113,1321,291,-0.1128,-0.0176,-0.1128,-0.0176,7.529
1777125792.9278927,1321,291,-0.1128,-0.0176,-0.1128,-0.0176,7.601
1777125792.998758,1321,291,-0.1128,-0.0176,-0.1128,-0.0176,7.672
1777125793.0628154,1321,291,-0.1128,-0.0176,-0.1128,-0.0176,7.736
1777125793.1348312,1321,291,-0.1128,-0.0176,-0.1128,-0.0176,7.808
1777125793.210975,1321,291,-0.1128,-0.0176,-0.1128,-0.0176,7.884
1777125793.2733061,1321,291,-0.1128,-0.0176,-0.1128,-0.0176,7.946
1777125793.3443952,1321,291,-0.1128,-0.0176,-0.1128,-0.0176,8.017
1777125793.4154816,1321,291,-0.1128,-0.0176,-0.1128,-0.0176,8.089
1777125793.4786756,1321,291,-0.1128,-0.0176,-0.1128,-0.0176,8.152
1777125793.554544,1321,291,-0.1128,-0.0176,-0.1128,-0.0176,8.228
1777125793.6206045,1321,291,-0.1128,-0.0176,-0.1128,-0.0176,8.294
1777125793.6921973,1321,291,-0.1128,-0.0176,-0.1128,-0.0176,8.365
1777125793.7635994,1321,291,-0.1128,-0.0176,-0.1128,-0.0176,8.437
1777125793.837345,1321,291,-0.1128,-0.0176,-0.1128,-0.0176,8.510
1777125793.910177,1321,291,-0.1128,-0.0176,-0.1128,-0.0176,8.583
1777125793.9766536,1321,291,-0.1128,-0.0176,-0.1128,-0.0176,8.650
1777125794.0480292,1321,291,-0.1128,-0.0176,-0.1128,-0.0176,8.721
1777125794.1149282,1321,291,-0.1128,-0.0176,-0.1128,-0.0176,8.788
1777125794.187268,1321,291,-0.1128,-0.0176,-0.1128,-0.0176,8.860
1777125794.2622175,1321,291,-0.1128,-0.0176,-0.1128,-0.0176,8.935
1777125794.3322186,1321,291,-0.1128,-0.0176,-0.1128,-0.0176,9.005
1777125794.402544,1321,291,-0.1128,-0.0176,-0.1128,-0.0176,9.076
1777125794.4714718,1321,291,-0.1128,-0.0176,-0.1128,-0.0176,9.145
1777125794.5450473,1321,291,-0.1128,-0.0176,-0.1153,-0.0199,9.218
1777125794.6100018,1321,291,-0.1128,-0.0176,-0.1051,-0.0108,9.283
1777125794.684632,1321,291,-0.0829,0.0090,-0.0906,0.0021,9.358
1777125794.7616804,1321,291,-0.0829,0.0090,-0.0803,0.0112,9.435
1777125794.8372183,1321,291,-0.0829,0.0090,-0.0829,0.0090,9.510
1777125794.9186337,1321,291,-0.0829,0.0090,-0.0829,0.0090,9.592
1777125794.9934871,1321,291,-0.0829,0.0090,-0.0917,0.0032,9.667
1777125795.0707636,1321,291,-0.0829,0.0090,-0.0565,0.0261,9.744
1777125795.1436353,1321,291,0.0198,0.0758,-0.0066,0.0586,9.817
1777125795.2387326,1321,291,0.0198,0.0758,0.0286,0.0815,9.912
1777125795.3342104,1321,291,0.0198,0.0758,0.0198,0.0758,10.007
1777125795.4262705,1321,291,0.0198,0.0758,0.0198,0.0758,10.099
1777125795.5026786,1321,291,0.0198,0.0758,0.0198,0.0758,10.176
1777125795.5819325,1321,291,0.0198,0.0758,0.0198,0.0758,10.255
1777125795.6571543,1321,291,0.0198,0.0758,0.0198,0.0758,10.330
1777125795.730888,1321,291,0.0198,0.0758,0.0198,0.0758,10.404
1777125795.8055654,1321,291,0.0198,0.0758,0.0198,0.0758,10.479
1777125795.8800285,1321,291,0.0198,0.0758,0.0198,0.0758,10.553
1777125795.9604177,1321,291,0.0198,0.0758,0.0198,0.0758,10.634
1777125796.0325186,1321,291,0.0198,0.0758,0.0198,0.0758,10.706
1777125796.108083,1321,291,0.0198,0.0758,0.0198,0.0758,10.781
1777125796.1785314,1321,291,0.0198,0.0758,0.0198,0.0758,10.852
1777125796.247641,1321,291,0.0198,0.0758,0.0198,0.0758,10.921
1777125796.3220599,1321,291,0.0198,0.0758,0.0198,0.0758,10.995
1777125796.3997192,1321,291,0.0198,0.0758,0.0198,0.0758,11.073
1777125796.468243,1321,291,0.0198,0.0758,0.0198,0.0758,11.141
1777125796.5383632,1321,291,0.0198,0.0758,0.0198,0.0758,11.211
1777125796.609353,1321,291,0.0198,0.0758,0.0198,0.0758,11.282
1777125796.6836202,1321,291,0.0198,0.0758,0.0198,0.0758,11.357
1777125796.7561646,1321,291,0.0198,0.0758,0.0198,0.0758,11.429
1777125796.8294513,1321,291,0.0198,0.0758,0.0198,0.0758,11.503
1777125796.8985703,1321,291,0.0198,0.0758,0.0198,0.0758,11.572
1777125796.9712648,1321,291,0.0198,0.0758,0.0198,0.0758,11.644
1777125797.0461574,1321,291,0.0198,0.0758,0.0198,0.0758,11.719
1777125797.11972,1321,291,0.0198,0.0758,0.0202,0.0762,11.793
1777125797.1894422,1321,291,0.0198,0.0758,0.0184,0.0744,11.863
1777125797.2622762,1321,291,0.0147,0.0703,0.0160,0.0717,11.935
1777125797.3313918,1321,291,0.0147,0.0703,0.0142,0.0698,12.004
1777125797.4044757,1321,291,0.0147,0.0703,0.0147,0.0703,12.078
1777125797.4823425,1321,291,0.0147,0.0703,0.0147,0.0703,12.155
1777125797.5553422,1321,291,0.0147,0.0703,0.0147,0.0703,12.228
1777125797.62597,1321,291,0.0147,0.0703,0.0147,0.0703,12.299
1777125797.6994092,1321,291,0.0147,0.0703,0.0219,0.0758,12.372
1777125797.7679625,1321,291,0.0147,0.0703,-0.0071,0.0537,12.441
1777125797.8390543,1321,291,-0.0701,0.0058,-0.0483,0.0223,12.512
1777125797.906743,1321,291,-0.0701,0.0058,-0.0774,0.0002,12.580
1777125797.976347,1321,291,-0.0701,0.0058,-0.0701,0.0058,12.649
1777125798.0480106,1321,291,-0.0701,0.0058,-0.0701,0.0058,12.721
1777125798.117213,1321,291,-0.0701,0.0058,-0.0701,0.0058,12.790
1777125798.1926894,1321,291,-0.0701,0.0058,-0.0701,0.0058,12.866
1777125798.2630584,1321,291,-0.0701,0.0058,-0.0701,0.0058,12.936
1777125798.3424346,1321,291,-0.0701,0.0058,-0.0701,0.0058,13.016
1777125798.4178038,1321,291,-0.0701,0.0058,-0.0701,0.0058,13.091
1777125798.4862478,1321,291,-0.0701,0.0058,-0.0701,0.0058,13.159
1777125798.5558355,1321,291,-0.0701,0.0058,-0.0701,0.0058,13.229
1777125798.6327934,1321,291,-0.0701,0.0058,-0.0701,0.0058,13.306
1777125798.7007139,1321,291,-0.0701,0.0058,-0.0701,0.0058,13.374
1777125798.772205,1321,291,-0.0701,0.0058,-0.0701,0.0058,13.445
1777125798.841241,1321,291,-0.0701,0.0058,-0.0701,0.0058,13.514
1777125798.9105277,1321,291,-0.0701,0.0058,-0.0701,0.0058,13.584
1777125798.9828465,1321,291,-0.0701,0.0058,-0.0701,0.0058,13.656
1777125799.0594714,1321,291,-0.0701,0.0058,-0.0701,0.0058,13.733
1777125799.1292546,1321,291,-0.0701,0.0058,-0.0701,0.0058,13.802
1777125799.1981056,1321,291,-0.0701,0.0058,-0.0701,0.0058,13.871
1777125799.268395,1321,291,-0.0701,0.0058,-0.0701,0.0058,13.941
1777125799.344102,1321,291,-0.0701,0.0058,-0.0701,0.0058,14.017
1777125799.418703,1321,291,-0.0701,0.0058,-0.0701,0.0058,14.092
1777125799.488701,1321,291,-0.0701,0.0058,-0.0701,0.0058,14.162
1777125799.5596154,1321,291,-0.0701,0.0058,-0.0701,0.0058,14.233
1777125799.6375308,1321,291,-0.0701,0.0058,-0.0701,0.0058,14.311
1777125799.7121718,1321,291,-0.0701,0.0058,-0.0701,0.0058,14.385
1777125799.7823825,1321,291,-0.0701,0.0058,-0.0701,0.0058,14.455
1777125799.854587,1321,291,-0.0701,0.0058,-0.0701,0.0058,14.528
1777125799.9286397,1321,291,-0.0701,0.0058,-0.0701,0.0058,14.602
1777125800.0026255,1321,291,-0.0701,0.0058,-0.0701,0.0058,14.676
1777125800.079906,1321,291,-0.0701,0.0058,-0.0701,0.0058,14.753
1777125800.1486003,1321,291,-0.0701,0.0058,-0.0701,0.0058,14.822
1777125800.2239985,1321,291,-0.0701,0.0058,-0.0701,0.0058,14.897
1777125800.2996404,1321,291,-0.0701,0.0058,-0.0701,0.0058,14.973
1777125800.369785,1321,291,-0.0701,0.0058,-0.0701,0.0058,15.043
1777125800.4444938,1321,291,-0.0701,0.0058,-0.0701,0.0058,15.118
1777125800.5146024,1321,291,-0.0701,0.0058,-0.0701,0.0058,15.188
1777125800.5894263,1321,291,-0.0701,0.0058,-0.0701,0.0058,15.263
1777125800.6640055,1321,291,-0.0701,0.0058,-0.0701,0.0058,15.337
1777125800.7336879,1321,291,-0.0701,0.0058,-0.0701,0.0058,15.407
1777125800.8018603,1321,291,-0.0701,0.0058,-0.0701,0.0058,15.475
1777125800.8761938,1321,291,-0.0701,0.0058,-0.0701,0.0058,15.549
1777125800.9452033,1321,291,-0.0701,0.0058,-0.0701,0.0058,15.618
1777125801.0202348,1321,291,-0.0701,0.0058,-0.0701,0.0058,15.693
1777125801.1032417,1321,291,-0.0701,0.0058,-0.0701,0.0058,15.776
1777125801.1768258,1321,291,-0.0701,0.0058,-0.0701,0.0058,15.850
1777125801.2557487,1321,291,-0.0701,0.0058,-0.0701,0.0058,15.929
1777125801.3301902,1321,291,-0.0701,0.0058,-0.0701,0.0058,16.003
1777125801.399589,1321,291,-0.0701,0.0058,-0.0701,0.0058,16.073
1777125801.4736927,1321,291,-0.0701,0.0058,-0.0701,0.0058,16.147
1777125801.5467105,1321,291,-0.0701,0.0058,-0.0701,0.0058,16.220
1777125801.6228418,1321,291,-0.0701,0.0058,-0.0701,0.0058,16.296
1777125801.693258,1321,291,-0.0701,0.0058,-0.0701,0.0058,16.366
1777125801.7625837,1321,291,-0.0701,0.0058,-0.0701,0.0058,16.436
1777125801.836752,1321,291,-0.0701,0.0058,-0.0701,0.0058,16.510
1777125801.9099057,1321,291,-0.0701,0.0058,-0.0701,0.0058,16.583
1777125801.9832563,1321,291,-0.0701,0.0058,-0.0701,0.0058,16.656
1777125802.0535886,1321,291,-0.0701,0.0058,-0.0701,0.0058,16.727
1777125802.1319358,1321,291,-0.0701,0.0058,-0.0701,0.0058,16.805
1777125802.2007117,1321,291,-0.0701,0.0058,-0.0701,0.0058,16.874
1777125802.2718,1321,291,-0.0701,0.0058,-0.0701,0.0058,16.945
1777125802.3455646,1321,291,-0.0701,0.0058,-0.0701,0.0058,17.019
1777125802.4151886,1321,291,-0.0701,0.0058,-0.0701,0.0058,17.088
1777125802.485019,1321,291,-0.0701,0.0058,-0.0701,0.0058,17.158
1777125802.5546265,1321,291,-0.0701,0.0058,-0.0701,0.0058,17.228
1777125802.626962,1321,291,-0.0701,0.0058,-0.0701,0.0058,17.300
1777125802.695439,1321,291,-0.0701,0.0058,-0.0701,0.0058,17.369
1777125802.764512,1321,291,-0.0701,0.0058,-0.0701,0.0058,17.438
1777125802.834395,1321,291,-0.0701,0.0058,-0.0701,0.0058,17.507
1777125802.9053056,1321,291,-0.0701,0.0058,-0.0701,0.0058,17.578
1777125802.9824166,1321,291,-0.0701,0.0058,-0.0701,0.0058,17.655
1777125803.05453,1321,291,-0.0701,0.0058,-0.0701,0.0058,17.728
1777125803.13307,1321,291,-0.0701,0.0058,-0.0701,0.0058,17.806
1777125803.2017217,1321,291,-0.0701,0.0058,-0.0701,0.0058,17.875
1777125803.270804,1321,291,-0.0701,0.0058,-0.0701,0.0058,17.944
1777125803.3389142,1321,291,-0.0701,0.0058,-0.0701,0.0058,18.012
1777125803.4112074,1321,291,-0.0701,0.0058,-0.0701,0.0058,18.084
1777125803.4816563,1321,291,-0.0701,0.0058,-0.0659,0.0082,18.155
1777125803.5566447,1321,291,-0.0701,0.0058,-0.0828,-0.0016,18.230
1777125803.6280656,1321,291,-0.1192,-0.0227,-0.1066,-0.0154,18.301
1777125803.6967516,1321,291,-0.1192,-0.0227,-0.1234,-0.0252,18.370
1777125803.7619483,1321,291,-0.1192,-0.0227,-0.1192,-0.0227,18.435
1777125803.8267522,1321,291,-0.1192,-0.0227,-0.1192,-0.0227,18.500
1777125803.896496,1321,291,-0.1192,-0.0227,-0.1192,-0.0227,18.570
1777125803.9670494,1321,291,-0.1192,-0.0227,-0.1192,-0.0227,18.640
1777125804.0318487,1321,291,-0.1192,-0.0227,-0.1192,-0.0227,18.705
1777125804.1000304,1321,291,-0.1192,-0.0227,-0.1192,-0.0227,18.773
1777125804.166896,1321,291,-0.1192,-0.0227,-0.1192,-0.0227,18.840
1777125804.2318974,1321,291,-0.1192,-0.0227,-0.1192,-0.0227,18.905
1777125804.2961447,1321,291,-0.1192,-0.0227,-0.1192,-0.0227,18.969
1777125804.3662746,1321,291,-0.1192,-0.0227,-0.1192,-0.0227,19.039
1777125804.4319367,1321,291,-0.1192,-0.0227,-0.1192,-0.0227,19.105
1777125804.497432,1321,291,-0.1192,-0.0227,-0.1192,-0.0227,19.171
1777125804.5684907,1321,291,-0.1192,-0.0227,-0.1192,-0.0227,19.242
1777125804.6332014,1321,291,-0.1192,-0.0227,-0.1192,-0.0227,19.306
1777125804.6978712,1321,291,-0.1192,-0.0227,-0.1192,-0.0227,19.371
1777125804.7632627,1321,291,-0.1192,-0.0227,-0.1192,-0.0227,19.436
1777125804.8288589,1321,291,-0.1192,-0.0227,-0.1192,-0.0227,19.502
1777125804.8947034,1321,291,-0.1192,-0.0227,-0.1192,-0.0227,19.568
1777125804.9588366,1321,291,-0.1192,-0.0227,-0.1192,-0.0227,19.632
1777125805.031306,1321,291,-0.1192,-0.0227,-0.1192,-0.0227,19.704
1777125805.0954382,1321,291,-0.1192,-0.0227,-0.1192,-0.0227,19.769
1777125805.1606014,1321,291,-0.1192,-0.0227,-0.1192,-0.0227,19.834
1777125805.2300136,1321,291,-0.1192,-0.0227,-0.1192,-0.0227,19.903
1777125805.2949843,1321,291,-0.1192,-0.0227,-0.1192,-0.0227,19.968
1777125805.3589084,1321,291,-0.1192,-0.0227,-0.1192,-0.0227,20.032
1777125805.4235423,1321,291,-0.1192,-0.0227,-0.1192,-0.0227,20.097
1777125805.4970534,1321,291,-0.1192,-0.0227,-0.1192,-0.0227,20.170
1777125805.5661902,1321,291,-0.1192,-0.0227,-0.1192,-0.0227,20.239
1777125805.6318464,1321,291,-0.1192,-0.0227,-0.1192,-0.0227,20.305
1777125805.6979284,1321,291,-0.1192,-0.0227,-0.1192,-0.0227,20.371
1777125805.7633138,1321,291,-0.1192,-0.0227,-0.1192,-0.0227,20.436
1777125805.8322906,1321,291,-0.1192,-0.0227,-0.1192,-0.0227,20.505
1777125805.8987586,1321,291,-0.1192,-0.0227,-0.1192,-0.0227,20.572
1777125805.968934,1321,291,-0.1192,-0.0227,-0.1192,-0.0227,20.642
1777125806.0385444,1321,291,-0.1192,-0.0227,-0.1192,-0.0227,20.712
1777125806.1083624,1321,291,-0.1192,-0.0227,-0.1192,-0.0231,20.781
1777125806.1792614,1321,291,-0.1192,-0.0227,-0.1192,-0.0224,20.852
1777125806.2487946,1321,292,-0.1191,-0.0189,-0.1191,-0.0183,20.922
1777125806.3236659,1321,294,-0.1188,-0.0113,-0.1189,-0.0126,20.997
1777125806.3934894,1321,295,-0.1187,-0.0075,-0.1186,-0.0062,21.067
1777125806.4633584,1321,297,-0.1184,0.0001,-0.1185,-0.0009,21.136
1777125806.5401385,1321,298,-0.1183,0.0038,-0.1183,0.0042,21.213
1777125806.6147742,1321,299,-0.1182,0.0076,-0.1182,0.0076,21.288
1777125806.688453,1321,300,-0.1180,0.0114,-0.1184,0.0111,21.362
1777125806.7646,1321,301,-0.1179,0.0152,-0.1166,0.0162,21.438
1777125806.8410015,1320,303,-0.1139,0.0228,-0.1159,0.0215,21.514
1777125806.9164877,1321,304,-0.1175,0.0266,-0.1162,0.0279,21.590
1777125806.9857688,1321,306,-0.1172,0.0342,-0.1173,0.0332,21.659
1777125807.0542526,1321,307,-0.1171,0.0380,-0.1181,0.0383,21.727
1777125807.1228964,1322,308,-0.1208,0.0417,-0.1198,0.0417,21.796
1777125807.192069,1322,309,-0.1206,0.0455,-0.1213,0.0455,21.865
1777125807.2667003,1322,310,-0.1205,0.0493,-0.1192,0.0490,21.940
1777125807.3363438,1321,311,-0.1166,0.0531,-0.1185,0.0541,22.009
1777125807.4104464,1322,313,-0.1201,0.0607,-0.1188,0.0594,22.084
1777125807.4848433,1322,314,-0.1200,0.0644,-0.1202,0.0657,22.158
1777125807.561667,1322,316,-0.1197,0.0720,-0.1197,0.0710,22.235
1777125807.6346612,1322,317,-0.1196,0.0758,-0.1196,0.0758,22.308
1777125807.7078595,1322,318,-0.1194,0.0796,-0.1213,0.0777,22.381
1777125807.7763622,1322,320,-0.1192,0.0871,-0.1134,0.0948,22.449
1777125807.856301,1322,321,-0.0964,0.1244,-0.1022,0.1158,22.529
1777125807.9311452,1322,322,-0.0963,0.1280,-0.0943,0.1318,22.604
1777125808.0159836,1322,324,-0.0961,0.1353,-0.0961,0.1343,22.689
1777125808.0842729,1322,325,-0.0960,0.1389,-0.0957,0.1393,22.757
1777125808.1561894,1322,326,-0.0959,0.1425,-0.0967,0.1424,22.829
1777125808.2267044,1322,328,-0.0991,0.1455,-0.0982,0.1453,22.900
1777125808.2958188,1322,329,-0.0991,0.1491,-0.0994,0.1502,22.969
1777125808.3669333,1323,330,-0.0992,0.1571,-0.0994,0.1560,23.040
1777125808.4359224,1323,331,-0.0991,0.1607,-0.0979,0.1607,23.109
1777125808.5042706,1322,332,-0.0954,0.1643,-0.0972,0.1652,23.177
1777125808.5741549,1323,334,-0.0988,0.1716,-0.0976,0.1706,23.247
1777125808.6512487,1323,335,-0.0987,0.1752,-0.0990,0.1755,23.324
1777125808.7234828,1323,336,-0.0986,0.1788,-0.0986,0.1788,23.397
1777125808.7997453,1323,337,-0.0985,0.1824,-0.0985,0.1821,23.473
1777125808.8756056,1323,338,-0.0984,0.1861,-0.0984,0.1870,23.549
1777125808.9518278,1323,340,-0.0983,0.1933,-0.0986,0.1921,23.625
1777125809.0217655,1323,341,-0.0982,0.1969,-0.0969,0.1982,23.695
1777125809.0903242,1322,343,-0.0944,0.2041,-0.0956,0.2028,23.763
1777125809.1572876,1323,344,-0.0979,0.2078,-0.0987,0.2094,23.830
1777125809.2268806,1323,346,-0.1058,0.2166,-0.1041,0.2153,23.900
1777125809.306713,1323,347,-0.1058,0.2202,-0.1065,0.2206,23.980
1777125809.3789074,1323,348,-0.1058,0.2237,-0.1055,0.2234,24.052
1777125809.453214,1323,349,-0.1058,0.2273,-0.1070,0.2282,24.126
1777125809.5243304,1324,351,-0.1094,0.2345,-0.1075,0.2335,24.197
1777125809.595475,1323,352,-0.1058,0.2380,-0.1070,0.2383,24.269
1777125809.6712532,1323,353,-0.1058,0.2415,-0.1052,0.2415,24.344
1777125809.7419004,1323,354,-0.1058,0.2451,-0.1067,0.2448,24.415
1777125809.8165565,1324,355,-0.1093,0.2487,-0.1089,0.2493,24.490
1777125809.8928087,1324,357,-0.1093,0.2559,-0.1086,0.2555,24.566
1777125809.9699311,1324,358,-0.1041,0.2628,-0.1042,0.2628,24.643
1777125810.0409086,1323,360,-0.1005,0.2698,-0.1018,0.2698,24.714
1777125810.1173816,1324,362,-0.1039,0.2770,-0.1027,0.2773,24.790
1777125810.1872118,1324,364,-0.1038,0.2842,-0.1041,0.2836,24.860
1777125810.261716,1324,365,-0.1038,0.2878,-0.1037,0.2881,24.935
1777125810.332043,1324,366,-0.1037,0.2913,-0.1037,0.2913,25.005
1777125810.4088025,1324,367,-0.1037,0.2949,-0.1037,0.2949,25.082
1777125810.4882352,1324,368,-0.1036,0.2985,-0.1036,0.2982,25.161
1777125810.5649354,1324,369,-0.1036,0.3021,-0.1036,0.3027,25.238
1777125810.6362267,1324,371,-0.1035,0.3092,-0.1035,0.3089,25.309
1777125810.7073038,1324,373,-0.1034,0.3163,-0.1034,0.3166,25.380
1777125810.7772923,1324,375,-0.1033,0.3235,-0.1033,0.3232,25.450
1777125810.8488264,1324,376,-0.1032,0.3270,-0.1032,0.3264,25.522
1777125810.920018,1324,376,-0.1032,0.3270,-0.1032,0.3280,25.593
1777125810.991968,1324,377,-0.1032,0.3306,-0.1029,0.3300,25.665
1777125811.0680187,1324,378,-0.1031,0.3342,-0.1043,0.3351,25.741
1777125811.1444592,1325,380,-0.1065,0.3414,-0.1045,0.3401,25.818
1777125811.2137868,1324,381,-0.1030,0.3449,-0.1051,0.3462,25.887
1777125811.2890549,1325,383,-0.1064,0.3521,-0.1052,0.3512,25.962
1777125811.3588057,1325,384,-0.1064,0.3557,-0.1070,0.3560,26.032
1777125811.439681,1325,385,-0.1063,0.3593,-0.1054,0.3592,26.113
1777125811.5168025,1324,386,-0.1028,0.3628,-0.1037,0.3625,26.190
1777125811.5927641,1324,387,-0.1027,0.3663,-0.1024,0.3672,26.266
1777125811.6669304,1324,389,-0.1026,0.3735,-0.1026,0.3722,26.340
1777125811.7441165,1324,390,-0.1026,0.3770,-0.1023,0.3782,26.417
1777125811.8216386,1324,392,-0.1025,0.3842,-0.1037,0.3830,26.495
1777125811.892119,1325,393,-0.1059,0.3878,-0.1038,0.3890,26.565
1777125811.961635,1324,395,-0.1024,0.3949,-0.1045,0.3940,26.635
1777125812.036619,1325,396,-0.1058,0.3985,-0.1046,0.3988,26.710
1777125812.1130717,1325,397,-0.1057,0.4021,-0.1060,0.4021,26.786
1777125812.1914673,1325,398,-0.1057,0.4057,-0.1057,0.4057,26.865
1777125812.2610037,1325,399,-0.1057,0.4092,-0.1057,0.4089,26.934
1777125812.3381097,1325,400,-0.1056,0.4128,-0.1053,0.4134,27.011
1777125812.4094098,1325,402,-0.1055,0.4199,-0.1058,0.4202,27.082
1777125812.4797978,1326,404,-0.1089,0.4271,-0.1102,0.4256,27.153
1777125812.55657,1326,405,-0.1161,0.4273,-0.1136,0.4285,27.230
1777125812.6330998,1325,406,-0.1125,0.4308,-0.1138,0.4306,27.306
1777125812.7116518,1325,407,-0.1125,0.4344,-0.1134,0.4344,27.385
1777125812.7910612,1326,408,-0.1161,0.4380,-0.1143,0.4377,27.464
1777125812.8620489,1325,409,-0.1125,0.4416,-0.1137,0.4425,27.535
1777125812.9371715,1325,411,-0.1125,0.4487,-0.1122,0.4475,27.610
1777125813.007037,1325,412,-0.1125,0.4523,-0.1122,0.4535,27.680
1777125813.0810792,1325,414,-0.1125,0.4594,-0.1134,0.4585,27.754
1777125813.1570716,1326,415,-0.1160,0.4631,-0.1154,0.4634,27.830
1777125813.2323225,1326,416,-0.1160,0.4666,-0.1154,0.4666,27.905
1777125813.3017442,1325,417,-0.1125,0.4702,-0.1134,0.4699,27.975
1777125813.3724246,1325,418,-0.1124,0.4737,-0.1118,0.4747,28.046
1777125813.442107,1325,420,-0.1124,0.4809,-0.1134,0.4797,28.115
1777125813.510558,1326,421,-0.1160,0.4845,-0.1151,0.4857,28.184
1777125813.5799212,1326,423,-0.1160,0.4917,-0.1160,0.4908,28.253
1777125813.6504683,1326,424,-0.1160,0.4952,-0.1169,0.4956,28.324
1777125813.7193282,1327,425,-0.1195,0.4989,-0.1186,0.4985,28.392
1777125813.7888672,1327,426,-0.1195,0.5024,-0.1198,0.5034,28.462
1777125813.8580682,1327,428,-0.1195,0.5096,-0.1198,0.5087,28.531
1777125813.930219,1327,429,-0.1195,0.5132,-0.1183,0.5135,28.603
1777125814.002363,1326,430,-0.1159,0.5167,-0.1178,0.5167,28.675
1777125814.0752568,1327,431,-0.1195,0.5203,-0.1183,0.5200,28.748
1777125814.1448398,1327,432,-0.1195,0.5239,-0.1198,0.5248,28.818
1777125814.2146297,1327,434,-0.1195,0.5311,-0.1192,0.5298,28.888
1777125814.2849782,1327,435,-0.1195,0.5346,-0.1207,0.5359,28.958
1777125814.3549814,1328,437,-0.1230,0.5418,-0.1209,0.5409,29.028
1777125814.4253404,1327,438,-0.1195,0.5454,-0.1219,0.5457,29.098
1777125814.496834,1328,439,-0.1230,0.5490,-0.1209,0.5490,29.170
1777125814.5730493,1327,440,-0.1194,0.5525,-0.1204,0.5525,29.246
1777125814.6461813,1327,441,-0.1194,0.5561,-0.1200,0.5558,29.319
1777125814.715419,1328,442,-0.1230,0.5597,-0.1221,0.5606,29.389
1777125814.7867358,1328,444,-0.1230,0.5669,-0.1233,0.5657,29.460
1777125814.859074,1328,445,-0.1230,0.5705,-0.1230,0.5717,29.532
1777125814.9341,1328,447,-0.1230,0.5776,-0.1243,0.5767,29.607
1777125815.0041256,1328,448,-0.1230,0.5812,-0.1191,0.5820,29.677
1777125815.077921,1328,449,-0.1080,0.5855,-0.1119,0.5841,29.751
1777125815.144238,1328,449,-0.1080,0.5855,-0.1067,0.5874,29.817
1777125815.2136176,1328,451,-0.1078,0.5927,-0.1078,0.5911,29.887
1777125815.2862754,1328,452,-0.1077,0.5962,-0.1077,0.5972,29.959
1777125815.3574276,1328,454,-0.1075,0.6034,-0.1075,0.6031,30.031
1777125815.4311593,1328,456,-0.1074,0.6106,-0.1074,0.6109,30.104
1777125815.5055346,1328,458,-0.1072,0.6178,-0.1075,0.6172,30.179
1777125815.5719843,1328,459,-0.1071,0.6214,-0.1058,0.6220,30.245
1777125815.6454613,1327,460,-0.1034,0.6249,-0.1053,0.6240,30.319
1777125815.7149127,1328,460,-0.1070,0.6250,-0.1057,0.6259,30.388
1777125815.7846725,1328,461,-0.1069,0.6286,-0.1072,0.6280,30.458
1777125815.8562052,1328,462,-0.1068,0.6322,-0.1068,0.6328,30.529
1777125815.9241495,1328,464,-0.1066,0.6393,-0.1066,0.6390,30.597
1777125815.9924612,1328,466,-0.1065,0.6465,-0.1065,0.6468,30.666
1777125816.064702,1328,468,-0.1063,0.6537,-0.1063,0.6534,30.738
1777125816.1317494,1328,469,-0.1062,0.6573,-0.1062,0.6567,30.805
1777125816.2030845,1328,469,-0.1062,0.6573,-0.1062,0.6582,30.876
1777125816.2695467,1328,470,-0.1061,0.6609,-0.1058,0.6602,30.943
1777125816.3419983,1328,471,-0.1060,0.6644,-0.1069,0.6651,31.015
1777125816.4130976,1329,473,-0.1094,0.6717,-0.1085,0.6713,31.086
1777125816.4858246,1329,475,-0.1092,0.6788,-0.1095,0.6788,31.159
1777125816.556075,1329,477,-0.1091,0.6860,-0.1091,0.6863,31.229
1777125816.6271985,1329,479,-0.1089,0.6932,-0.1089,0.6926,31.300
1777125816.6942677,1329,480,-0.1088,0.6968,-0.1088,0.6974,31.367
1777125816.7661977,1329,481,-0.1087,0.7003,-0.1087,0.6994,31.439
1777125816.833423,1329,481,-0.1087,0.7003,-0.1087,0.7010,31.507
1777125816.9062574,1329,482,-0.1086,0.7039,-0.1089,0.7042,31.579
1777125816.9727485,1329,484,-0.1084,0.7111,-0.1072,0.7111,31.646
1777125817.0458484,1328,486,-0.1047,0.7182,-0.1068,0.7173,31.719
1777125817.118614,1329,487,-0.1082,0.7218,-0.1057,0.7230,31.792
1777125817.1846814,1328,489,-0.1044,0.7290,-0.1069,0.7284,31.858
1777125817.258196,1329,490,-0.1079,0.7326,-0.1058,0.7319,31.931
1777125817.327563,1328,490,-0.1043,0.7325,-0.1055,0.7335,32.001
1777125817.4018116,1328,491,-0.1042,0.7361,-0.1036,0.7355,32.075
1777125817.4741654,1328,492,-0.1041,0.7397,-0.1050,0.7403,32.147
1777125817.5481908,1329,494,-0.1075,0.7469,-0.1066,0.7466,32.221
1777125817.6200538,1329,496,-0.1074,0.7541,-0.1077,0.7544,32.293
1777125817.7052996,1329,498,-0.1072,0.7612,-0.1072,0.7606,32.378
1777125817.7784138,1329,499,-0.1071,0.7648,-0.1071,0.7651,32.451
1777125817.8460846,1329,500,-0.1070,0.7684,-0.1070,0.7684,32.519
1777125817.9128823,1329,501,-0.1069,0.7720,-0.1069,0.7720,32.586
1777125817.9786937,1329,502,-0.1068,0.7755,-0.1065,0.7755,32.652
1777125818.0505588,1329,503,-0.1067,0.7791,-0.1080,0.7788,32.724
1777125818.1183047,1330,504,-0.1102,0.7827,-0.1084,0.7833,32.791
1777125818.1865556,1329,506,-0.1065,0.7898,-0.1077,0.7899,32.860
1777125818.2560182,1329,508,-0.1063,0.7970,-0.1060,0.7964,32.929
1777125818.329207,1329,509,-0.1062,0.8006,-0.1062,0.8009,33.002
1777125818.399726,1329,510,-0.1061,0.8041,-0.1061,0.8041,33.073
1777125818.4670563,1329,511,-0.1060,0.8077,-0.1060,0.8077,33.140
1777125818.5312593,1329,512,-0.1059,0.8113,-0.1057,0.8110,33.204
1777125818.5983562,1329,513,-0.1058,0.8149,-0.1067,0.8155,33.271
1777125818.6714077,1330,515,-0.1081,0.8221,-0.1062,0.8220,33.344
1777125818.7377713,1329,517,-0.1043,0.8292,-0.1064,0.8286,33.411
1777125818.8074062,1330,518,-0.1078,0.8328,-0.1066,0.8331,33.480
1777125818.8748589,1330,519,-0.1077,0.8363,-0.1080,0.8364,33.548
1777125818.9414985,1330,520,-0.1077,0.8399,-0.1077,0.8399,33.615
1777125819.0147817,1330,521,-0.1076,0.8435,-0.1076,0.8435,33.688
1777125819.083807,1330,522,-0.1075,0.8471,-0.1075,0.8467,33.757
1777125819.154274,1330,523,-0.1074,0.8506,-0.1077,0.8512,33.827
1777125819.224829,1330,525,-0.1072,0.8578,-0.1063,0.8577,33.898
1777125819.2971568,1329,527,-0.1035,0.8649,-0.1044,0.8642,33.970
1777125819.3639746,1329,528,-0.1034,0.8684,-0.1031,0.8687,34.037
1777125819.4288745,1329,529,-0.1033,0.8720,-0.1033,0.8720,34.102
1777125819.495658,1329,530,-0.1032,0.8755,-0.1035,0.8756,34.169
1777125819.5631344,1329,531,-0.1031,0.8791,-0.1022,0.8788,34.236
1777125819.6301005,1328,532,-0.0995,0.8826,-0.1007,0.8833,34.303
1777125819.6958156,1328,534,-0.0993,0.8898,-0.0981,0.8898,34.369
1777125819.7625198,1327,536,-0.0956,0.8969,-0.0965,0.8963,34.436
1777125819.8335054,1327,537,-0.0955,0.9004,-0.0952,0.9007,34.507
1777125819.8994906,1327,538,-0.0954,0.9040,-0.0957,0.9040,34.573
1777125819.9653916,1327,539,-0.0953,0.9076,-0.0941,0.9075,34.638
1777125820.0332987,1326,540,-0.0916,0.9111,-0.0938,0.9108,34.706
1777125820.1024785,1327,541,-0.0951,0.9147,-0.0930,0.9153,34.776
1777125820.1725526,1326,543,-0.0914,0.9218,-0.0929,0.9218,34.846
1777125820.2471778,1326,545,-0.0912,0.9289,-0.0900,0.9283,34.920
1777125820.315745,1325,546,-0.0876,0.9324,-0.0885,0.9327,34.989
1777125820.3879254,1325,547,-0.0875,0.9360,-0.0872,0.9357,35.061
1777125820.4566584,1325,548,-0.0874,0.9395,-0.0874,0.9404,35.130
1777125820.523356,1325,550,-0.0872,0.9467,-0.0871,0.9460,35.196
1777125820.5907743,1325,551,-0.0871,0.9502,-0.0874,0.9494,35.264
1777125820.6608684,1325,552,-0.0882,0.9507,-0.0879,0.9524,35.334
1777125820.730589,1325,554,-0.0880,0.9578,-0.0881,0.9566,35.404
1777125820.799965,1325,555,-0.0879,0.9614,-0.0879,0.9617,35.473
1777125820.8762932,1325,556,-0.0878,0.9650,-0.0878,0.9650,35.549
1777125820.951157,1325,557,-0.0877,0.9685,-0.0877,0.9685,35.624
1777125821.0225987,1325,558,-0.0876,0.9721,-0.0877,0.9718,35.696
1777125821.0949392,1325,559,-0.0876,0.9757,-0.0878,0.9763,35.768
1777125821.166247,1325,561,-0.0874,0.9828,-0.0865,0.9825,35.839
1777125821.2382596,1324,563,-0.0836,0.9899,-0.0845,0.9899,35.911
1777125821.3099244,1324,565,-0.0834,0.9970,-0.0831,0.9973,35.983
1777125821.3801453,1324,567,-0.0833,1.0041,-0.0836,1.0038,36.053
1777125821.4523702,1324,568,-0.0832,1.0077,-0.0823,1.0071,36.125
1777125821.5291226,1323,568,-0.0796,1.0076,-0.0805,1.0089,36.202
1777125821.5994654,1323,569,-0.0795,1.0112,-0.0795,1.0097,36.273
1777125821.6722708,1323,569,-0.0795,1.0112,-0.0788,1.0130,36.345
1777125821.7485554,1322,571,-0.0757,1.0183,-0.0758,1.0167,36.422
1777125821.8273776,1321,572,-0.0720,1.0218,-0.0726,1.0227,36.500
1777125821.9033735,1321,574,-0.0719,1.0289,-0.0716,1.0289,36.576
1777125821.9803357,1321,576,-0.0717,1.0360,-0.0717,1.0354,36.653
1777125822.0555425,1321,577,-0.0716,1.0396,-0.0719,1.0399,36.729
1777125822.1277735,1321,578,-0.0715,1.0432,-0.0706,1.0431,36.801
1777125822.1992834,1320,579,-0.0678,1.0467,-0.0691,1.0467,36.872
1777125822.2696753,1320,580,-0.0678,1.0502,-0.0665,1.0499,36.943
1777125822.3397293,1319,581,-0.0641,1.0537,-0.0650,1.0547,37.013
1777125822.4104276,1319,583,-0.0639,1.0609,-0.0636,1.0596,37.084
1777125822.4826105,1319,584,-0.0638,1.0644,-0.0641,1.0656,37.156
1777125822.5573077,1319,586,-0.0636,1.0715,-0.0627,1.0706,37.230
1777125822.6316323,1318,587,-0.0600,1.0750,-0.0606,1.0754,37.305
1777125822.708637,1318,588,-0.0599,1.0786,-0.0608,1.0786,37.382
1777125822.785067,1319,589,-0.0634,1.0822,-0.0615,1.0822,37.458
1777125822.8594513,1318,590,-0.0597,1.0857,-0.0612,1.0857,37.533
1777125822.9294577,1318,591,-0.0596,1.0893,-0.0584,1.0890,37.603
1777125822.9991193,1317,592,-0.0559,1.0928,-0.0568,1.0937,37.672
1777125823.0710053,1317,594,-0.0558,1.0999,-0.0558,1.0990,37.744
1777125823.1404114,1317,595,-0.0557,1.1035,-0.0548,1.1038,37.813
1777125823.2102282,1316,596,-0.0520,1.1070,-0.0532,1.1070,37.883
1777125823.280058,1316,597,-0.0519,1.1105,-0.0507,1.1105,37.953
1777125823.3605778,1315,598,-0.0482,1.1140,-0.0492,1.1137,38.034
1777125823.4310489,1315,599,-0.0482,1.1176,-0.0481,1.1185,38.104
1777125823.5055645,1315,601,-0.0480,1.1247,-0.0471,1.1238,38.179
1777125823.5806105,1314,602,-0.0443,1.1282,-0.0455,1.1285,38.254
1777125823.653648,1314,603,-0.0442,1.1318,-0.0430,1.1317,38.327
1777125823.7279427,1313,604,-0.0405,1.1353,-0.0418,1.1353,38.401
1777125823.797362,1313,605,-0.0405,1.1388,-0.0395,1.1388,38.470
1777125823.873668,1312,606,-0.0368,1.1423,-0.0368,1.1420,38.547
1777125823.94897,1311,607,-0.0331,1.1458,-0.0340,1.1467,38.622
1777125824.031265,1311,609,-0.0329,1.1529,-0.0320,1.1520,38.704
1777125824.1083543,1310,610,-0.0293,1.1564,-0.0296,1.1564,38.781
1777125824.185214,1309,611,-0.0256,1.1599,-0.0253,1.1611,38.858
1777125824.2546823,1308,613,-0.0218,1.1670,-0.0228,1.1649,38.928
1777125824.3295474,1308,613,-0.0218,1.1670,-0.0205,1.1691,39.003
1777125824.399486,1307,615,-0.0181,1.1740,-0.0193,1.1728,39.073
1777125824.4698672,1307,616,-0.0180,1.1776,-0.0167,1.1779,39.143
1777125824.5445006,1306,617,-0.0143,1.1811,-0.0156,1.1808,39.218
1777125824.6153505,1306,618,-0.0142,1.1846,-0.0133,1.1855,39.288
1777125824.6873431,1305,620,-0.0105,1.1917,-0.0080,1.1902,39.360
1777125824.7556076,1304,621,-0.0068,1.1952,-0.0148,1.1973,39.429
1777125824.8254852,1304,622,-0.0354,1.2059,-0.0280,1.2041,39.499
1777125824.9021142,1304,623,-0.0354,1.2095,-0.0369,1.2101,39.575
1777125824.9818444,1303,624,-0.0318,1.2131,-0.0330,1.2131,39.655
1777125825.051851,1303,625,-0.0318,1.2167,-0.0305,1.2164,39.725
1777125825.1275,1302,626,-0.0282,1.2203,-0.0294,1.2212,39.801
1777125825.2051888,1302,628,-0.0281,1.2275,-0.0272,1.2266,39.878
1777125825.2754822,1301,629,-0.0245,1.2311,-0.0245,1.2314,39.949
1777125825.3465245,1300,630,-0.0209,1.2347,-0.0218,1.2347,40.020
1777125825.4168012,1300,631,-0.0209,1.2383,-0.0200,1.2383,40.090
1777125825.491228,1299,632,-0.0173,1.2419,-0.0173,1.2419,40.164
1777125825.5614247,1298,633,-0.0137,1.2455,-0.0143,1.2455,40.235
1777125825.6372519,1298,634,-0.0137,1.2491,-0.0137,1.2488,40.310
1777125825.7133074,1298,635,-0.0137,1.2527,-0.0134,1.2536,40.386
1777125825.7887352,1297,637,-0.0101,1.2599,-0.0091,1.2590,40.462
1777125825.8597164,1295,638,-0.0028,1.2635,-0.0047,1.2638,40.533
1777125825.9363103,1295,639,-0.0028,1.2671,-0.0016,1.2671,40.609
1777125826.0130785,1294,640,0.0008,1.2707,0.0005,1.2707,40.686
1777125826.083386,1293,641,0.0044,1.2742,0.0047,1.2742,40.756
1777125826.1524353,1292,642,0.0080,1.2778,0.0071,1.2778,40.826
1777125826.220551,1292,643,0.0080,1.2814,0.0089,1.2814,40.894
1777125826.2932808,1291,644,0.0116,1.2850,0.0113,1.2850,40.966
1777125826.3622541,1290,645,0.0152,1.2886,0.0126,1.2896,41.035
1777125826.4376347,1289,646,0.0188,1.2922,0.0268,1.2897,41.111
1777125826.5067039,1288,647,0.0534,1.2848,0.0457,1.2864,41.180
1777125826.577429,1287,647,0.0570,1.2847,0.0587,1.2859,41.251
1777125826.6497953,1287,649,0.0571,1.2918,0.0580,1.2897,41.323
1777125826.725226,1286,649,0.0607,1.2917,0.0604,1.2930,41.398
1777125826.8087924,1285,650,0.0644,1.2952,0.0644,1.2949,41.482
1777125826.8803015,1284,651,0.0681,1.2987,0.0678,1.2987,41.553
1777125826.9504502,1283,652,0.0717,1.3022,0.0730,1.3019,41.624
1777125827.0234528,1281,653,0.0790,1.3056,0.0769,1.3069,41.697
1777125827.0950193,1281,655,0.0792,1.3127,0.0816,1.3109,41.768
1777125827.1658459,1279,655,0.0864,1.3126,0.0842,1.3139,41.839
1777125827.243042,1279,656,0.0864,1.3162,0.0877,1.3158,41.916
1777125827.3196132,1278,657,0.0901,1.3197,0.0898,1.3197,41.993
1777125827.3918889,1277,658,0.0938,1.3231,0.0938,1.3231,42.065
1777125827.4660344,1276,659,0.0975,1.3266,0.0975,1.3266,42.139
1777125827.540407,1275,660,0.1011,1.3301,0.1011,1.3301,42.213
1777125827.613832,1274,661,0.1048,1.3336,0.1048,1.3336,42.287
1777125827.6845727,1273,662,0.1085,1.3371,0.1085,1.3371,42.358
1777125827.759015,1272,663,0.1121,1.3406,0.1122,1.3409,42.432
1777125827.8330374,1271,664,0.1158,1.3441,0.1158,1.3432,42.506
1777125827.9066987,1270,664,0.1194,1.3440,0.1194,1.3449,42.580
1777125827.9760718,1269,665,0.1231,1.3475,0.1228,1.3472,42.649
1777125828.053918,1268,666,0.1268,1.3510,0.1277,1.3510,42.727
1777125828.1348605,1266,667,0.1340,1.3544,0.1334,1.3544,42.808
1777125828.2127295,1265,668,0.1377,1.3579,0.1371,1.3582,42.886
1777125828.2840133,1265,669,0.1378,1.3614,0.1387,1.3605,42.957
1777125828.356041,1264,669,0.1414,1.3614,0.1411,1.3623,43.029
1777125828.424562,1263,670,0.1450,1.3649,0.1450,1.3649,43.098
1777125828.4973938,1262,671,0.1487,1.3683,0.1487,1.3671,43.170
1777125828.5671225,1261,671,0.1523,1.3683,0.1523,1.3701,43.240
1777125828.640584,1260,673,0.1560,1.3753,0.1560,1.3744,43.314
1777125828.7153907,1259,674,0.1597,1.3788,0.1597,1.3782,43.388
1777125828.786163,1258,674,0.1633,1.3787,0.1633,1.3799,43.459
1777125828.8623981,1257,675,0.1669,1.3822,0.1669,1.3810,43.535
1777125828.9340081,1256,675,0.1705,1.3821,0.1706,1.3831,43.607
1777125829.0026157,1255,676,0.1742,1.3856,0.1743,1.3855,43.676
1777125829.078137,1254,677,0.1779,1.3891,0.1776,1.3884,43.751
1777125829.1523333,1253,677,0.1805,1.3909,0.1808,1.3923,43.825
1777125829.2219937,1252,679,0.1842,1.3979,0.1838,1.3972,43.895
1777125829.292576,1251,680,0.1878,1.4014,0.1888,1.4011,43.966
1777125829.3690982,1249,680,0.1950,1.4013,0.1941,1.4013,44.042
1777125829.445374,1248,680,0.1986,1.4013,0.1989,1.4019,44.118
1777125829.5150936,1247,681,0.2022,1.4047,0.2022,1.4047,44.188
1777125829.585084,1246,682,0.2059,1.4082,0.2059,1.4073,44.258
1777125829.6623213,1245,682,0.2095,1.4082,0.2095,1.4091,44.335
1777125829.7331858,1244,683,0.2131,1.4117,0.2128,1.4114,44.406
1777125829.8095214,1243,684,0.2168,1.4151,0.2177,1.4154,44.483
1777125829.8804176,1241,685,0.2240,1.4186,0.2230,1.4177,44.554
1777125829.9500856,1240,685,0.2276,1.4185,0.2279,1.4197,44.623
1777125830.0208967,1239,686,0.2312,1.4220,0.2312,1.4208,44.694
1777125830.092341,1238,686,0.2348,1.4219,0.2348,1.4231,44.765
1777125830.1673467,1237,687,0.2384,1.4254,0.2384,1.4245,44.840
1777125830.2417662,1236,687,0.2420,1.4254,0.2417,1.4254,44.915
1777125830.318398,1235,687,0.2456,1.4253,0.2465,1.4259,44.991
1777125830.3919604,1233,688,0.2528,1.4287,0.2519,1.4287,45.065
1777125830.464749,1232,689,0.2565,1.4322,0.2567,1.4313,45.138
1777125830.5357747,1231,689,0.2600,1.4322,0.2601,1.4334,45.209
1777125830.610398,1230,690,0.2637,1.4356,0.2637,1.4344,45.283
1777125830.6813633,1229,690,0.2673,1.4356,0.2670,1.4368,45.354
1777125830.7532327,1228,691,0.2709,1.4391,0.2718,1.4381,45.426
1777125830.8249264,1226,691,0.2781,1.4389,0.2768,1.4390,45.498
1777125830.898643,1225,691,0.2816,1.4389,0.2829,1.4395,45.572
1777125830.9758775,1223,692,0.2888,1.4423,0.2879,1.4423,45.649
1777125831.0480978,1222,693,0.2925,1.4458,0.2928,1.4452,45.721
1777125831.1220562,1221,693,0.2961,1.4457,0.2961,1.4460,45.795
1777125831.197367,1220,693,0.2996,1.4457,0.2996,1.4454,45.870
1777125831.2665138,1219,693,0.3032,1.4456,0.3032,1.4465,45.940
1777125831.3372567,1218,694,0.3069,1.4491,0.3065,1.4479,46.010
1777125831.412063,1217,694,0.3104,1.4491,0.3114,1.4503,46.085
1777125831.48741,1215,695,0.3176,1.4525,0.3167,1.4516,46.160
1777125831.5577302,1214,695,0.3212,1.4524,0.3215,1.4527,46.231
1777125831.627558,1213,695,0.3248,1.4524,0.3248,1.4521,46.301
1777125831.6983612,1212,695,0.3284,1.4523,0.3284,1.4532,46.371
1777125831.7757342,1211,696,0.3320,1.4558,0.3317,1.4546,46.449
1777125831.8545372,1210,696,0.3356,1.4557,0.3365,1.4572,46.528
1777125831.9254806,1208,697,0.3428,1.4592,0.3415,1.4571,46.599
1777125832.0005615,1207,696,0.3463,1.4556,0.3476,1.4577,46.674
1777125832.0760703,1205,697,0.3535,1.4590,0.3522,1.4578,46.749
1777125832.1497686,1204,697,0.3571,1.4589,0.3583,1.4589,46.823
1777125832.220328,1202,697,0.3642,1.4588,0.3634,1.4598,46.893
1777125832.2940729,1201,698,0.3678,1.4623,0.3679,1.4609,46.967
1777125832.3666668,1200,698,0.3707,1.4616,0.3706,1.4633,47.040
1777125832.4402385,1199,699,0.3743,1.4650,0.3752,1.4628,47.113
1777125832.5250833,1197,698,0.3814,1.4614,0.3802,1.4638,47.198
1777125832.5976753,1196,699,0.3850,1.4649,0.3862,1.4630,47.271
1777125832.6788454,1194,698,0.3921,1.4612,0.3912,1.4613,47.352
1777125832.7515028,1193,697,0.3956,1.4577,0.3959,1.4589,47.425
1777125832.8262742,1192,698,0.3992,1.4611,0.3992,1.4611,47.499
1777125832.8984885,1191,699,0.4029,1.4646,0.4029,1.4631,47.572
1777125832.9760396,1190,698,0.4064,1.4610,0.4064,1.4622,47.649
1777125833.0528352,1189,698,0.4100,1.4610,0.4096,1.4607,47.726
1777125833.1286924,1188,698,0.4135,1.4609,0.4144,1.4609,47.802
1777125833.2020006,1186,698,0.4207,1.4608,0.4194,1.4608,47.875
1777125833.2797065,1185,698,0.4242,1.4608,0.4254,1.4604,47.953
1777125833.349859,1183,698,0.4314,1.4607,0.4305,1.4619,48.023
1777125833.4254594,1182,699,0.4350,1.4641,0.4353,1.4620,48.099
1777125833.495255,1181,698,0.4385,1.4606,0.4382,1.4630,48.168
1777125833.5653768,1180,699,0.4421,1.4640,0.4429,1.4618,48.238
1777125833.6354678,1178,698,0.4492,1.4604,0.4485,1.4619,48.309
1777125833.7070014,1177,699,0.4545,1.4615,0.4553,1.4612,48.380
1777125833.787061,1175,699,0.4617,1.4614,0.4609,1.4603,48.460
1777125833.8576317,1174,698,0.4652,1.4578,0.4655,1.4603,48.531
1777125833.927053,1173,699,0.4688,1.4613,0.4688,1.4580,48.600
1777125833.999618,1172,697,0.4723,1.4542,0.4723,1.4575,48.673
1777125834.0746694,1171,698,0.4759,1.4577,0.4756,1.4558,48.748
1777125834.145336,1170,697,0.4794,1.4541,0.4800,1.4535,48.818
1777125834.2146335,1168,695,0.4864,1.4469,0.4864,1.4478,48.888
1777125834.2882953,1166,695,0.4936,1.4468,0.4930,1.4480,48.961
1777125834.364887,1165,697,0.4973,1.4538,0.4976,1.4520,49.038
1777125834.4367414,1164,697,0.5009,1.4537,0.5006,1.4543,49.110
1777125834.508265,1163,697,0.5044,1.4537,0.5053,1.4536,49.181
1777125834.5787246,1161,697,0.5116,1.4535,0.5107,1.4538,49.252
1777125834.649305,1160,697,0.5151,1.4535,0.5154,1.4523,49.322
1777125834.7193115,1159,696,0.5186,1.4499,0.5184,1.4520,49.392
1777125834.7902796,1158,697,0.5223,1.4534,0.5232,1.4509,49.463
1777125834.8609502,1156,696,0.5294,1.4497,0.5282,1.4521,49.534
1777125834.9306114,1155,697,0.5330,1.4532,0.5345,1.4507,49.604
1777125835.0052946,1153,696,0.5401,1.4495,0.5380,1.4517,49.678
1777125835.075673,1153,697,0.5401,1.4531,0.5423,1.4518,49.749
1777125835.1609821,1151,697,0.5473,1.4529,0.5461,1.4533,49.834
1777125835.2367136,1150,697,0.5508,1.4529,0.5512,1.4529,49.910
1777125835.3181765,1149,697,0.5544,1.4528,0.5541,1.4528,49.991
1777125835.3913112,1148,697,0.5580,1.4528,0.5589,1.4530,50.064
1777125835.472699,1146,697,0.5651,1.4526,0.5642,1.4517,50.146
1777125835.548887,1145,696,0.5686,1.4490,0.5690,1.4499,50.222
1777125835.6262677,1144,696,0.5722,1.4490,0.5722,1.4487,50.299
1777125835.6972456,1143,696,0.5758,1.4489,0.5755,1.4492,50.370
1777125835.7690187,1142,696,0.5793,1.4489,0.5802,1.4479,50.442
1777125835.842973,1140,695,0.5864,1.4452,0.5852,1.4465,50.516
1777125835.9244084,1139,695,0.5900,1.4452,0.5912,1.4436,50.597
1777125835.999341,1137,694,0.5971,1.4415,0.5962,1.4433,50.672
1777125836.076047,1136,695,0.6007,1.4450,0.6010,1.4438,50.749
1777125836.147945,1135,695,0.6043,1.4449,0.6043,1.4452,50.821
1777125836.2238386,1134,695,0.6078,1.4449,0.6075,1.4452,50.897
1777125836.2946413,1133,695,0.6114,1.4448,0.6126,1.4434,50.968
1777125836.367168,1131,694,0.6185,1.4412,0.6163,1.4435,51.040
1777125836.4406872,1130,693,0.6183,1.4468,0.6205,1.4450,51.114
1777125836.515131,1128,693,0.6255,1.4467,0.6239,1.4483,51.188
1777125836.5913222,1127,693,0.6290,1.4467,0.6302,1.4434,51.264
1777125836.66198,1126,692,0.6362,1.4338,0.6349,1.4371,51.335
1777125836.7328062,1125,692,0.6398,1.4337,0.6410,1.4329,51.406
1777125836.8034263,1123,692,0.6469,1.4336,0.6460,1.4327,51.477
1777125836.8738933,1122,691,0.6504,1.4300,0.6507,1.4309,51.547
1777125836.9417999,1121,691,0.6540,1.4300,0.6556,1.4279,51.615
1777125837.017003,1120,691,0.6575,1.4299,0.6527,1.4361,51.690
1777125837.094275,1118,690,0.6413,1.4509,0.6451,1.4426,51.767
1777125837.1666722,1117,689,0.6421,1.4423,0.6426,1.4485,51.840
1777125837.236658,1115,690,0.6523,1.4508,0.6511,1.4481,51.910
1777125837.3105083,1114,689,0.6587,1.4516,0.6574,1.4537,51.984
1777125837.3786306,1113,689,0.6623,1.4515,0.6656,1.4468,52.052
1777125837.4446282,1112,688,0.6789,1.4328,0.6764,1.4379,52.118
1777125837.5169935,1110,688,0.6855,1.4329,0.6858,1.4307,52.190
1777125837.5884035,1109,687,0.6887,1.4297,0.6890,1.4297,52.261
1777125837.658908,1108,686,0.6920,1.4265,0.6917,1.4273,52.332
1777125837.7361329,1107,686,0.6952,1.4265,0.6961,1.4254,52.409
1777125837.8036594,1105,685,0.7018,1.4234,0.7010,1.4245,52.477
1777125837.872009,1104,685,0.7051,1.4234,0.7053,1.4223,52.545
1777125837.9418485,1103,684,0.7083,1.4202,0.7083,1.4213,52.615
1777125838.0116813,1102,684,0.7116,1.4203,0.7116,1.4194,52.685
1777125838.0796707,1101,683,0.7149,1.4171,0.7153,1.4163,52.753
1777125838.1555412,1100,682,0.7181,1.4139,0.7169,1.4170,52.829
1777125838.2300355,1098,681,0.7167,1.4228,0.7180,1.4193,52.903
1777125838.2982216,1097,680,0.7203,1.4191,0.7199,1.4208,52.971
1777125838.3739195,1096,680,0.7240,1.4191,0.7240,1.4191,53.047
1777125838.4460332,1095,680,0.7276,1.4191,0.7276,1.4184,53.119
1777125838.5178692,1094,679,0.7313,1.4154,0.7313,1.4154,53.191
1777125838.591136,1093,678,0.7349,1.4118,0.7346,1.4127,53.264
1777125838.659456,1092,678,0.7386,1.4117,0.7395,1.4108,53.333
1777125838.7322505,1090,677,0.7458,1.4080,0.7449,1.4084,53.405
1777125838.8003178,1089,676,0.7495,1.4044,0.7498,1.4041,53.473
1777125838.8684788,1088,675,0.7531,1.4007,0.7531,1.4017,53.542
1777125838.937885,1087,675,0.7568,1.4007,0.7568,1.3998,53.611
1777125839.0057423,1086,674,0.7604,1.3971,0.7604,1.3974,53.679
1777125839.0778167,1085,673,0.7640,1.3934,0.7640,1.3934,53.751
1777125839.148304,1084,672,0.7677,1.3898,0.7677,1.3898,53.821
1777125839.2176237,1083,671,0.7713,1.3861,0.7727,1.3879,53.891
1777125839.293453,1082,670,0.7750,1.3825,0.7709,1.3768,53.967
1777125839.3675072,1081,669,0.7629,1.3580,0.7641,1.3648,54.041
1777125839.4431837,1080,669,0.7665,1.3580,0.7766,1.3531,54.116
1777125839.5206127,1079,668,0.8035,1.3481,0.7841,1.3510,54.194
1777125839.595887,1078,667,0.7738,1.3505,0.7944,1.3505,54.269
1777125839.667222,1077,667,0.8043,1.3539,0.7873,1.3517,54.340
1777125839.7380898,1076,666,0.7810,1.3467,0.7888,1.3484,54.411
1777125839.8155499,1074,665,0.7883,1.3429,0.7922,1.3419,54.489
1777125839.8863595,1073,664,0.8199,1.3367,0.8132,1.3375,54.559
1777125839.963402,1072,663,0.8240,1.3344,0.8262,1.3339,54.636
1777125840.0363662,1071,663,0.8269,1.3331,0.8267,1.3344,54.709
1777125840.1085596,1070,662,0.8289,1.3362,0.8290,1.3352,54.782
1777125840.1835427,1069,661,0.8324,1.3327,0.8328,1.3318,54.857
1777125840.2614427,1068,660,0.8381,1.3236,0.8377,1.3246,54.935
1777125840.340135,1067,659,0.8416,1.3201,0.8412,1.3210,55.013
1777125840.4162166,1066,658,0.8429,1.3221,0.8434,1.3206,55.089
1777125840.498465,1065,657,0.8464,1.3185,0.8462,1.3190,55.172
1777125840.5718648,1064,656,0.8499,1.3150,0.8499,1.3150,55.245
1777125840.649318,1063,655,0.8534,1.3115,0.8534,1.3112,55.322
1777125840.7199445,1062,654,0.8569,1.3079,0.8569,1.3088,55.393
1777125840.7912905,1061,654,0.8604,1.3079,0.8604,1.3070,55.464
1777125840.8682084,1060,653,0.8639,1.3044,0.8639,1.3047,55.541
1777125840.9381957,1059,652,0.8674,1.3008,0.8686,1.3003,55.611
1777125841.0193508,1058,651,0.8709,1.2973,0.8671,1.2988,55.692
1777125841.0969841,1057,650,0.8597,1.2997,0.8635,1.2985,55.770
1777125841.1769712,1056,649,0.8633,1.2961,0.8623,1.2957,55.850
1777125841.2528453,1055,647,0.8669,1.2888,0.8660,1.2897,55.926
1777125841.323501,1055,646,0.8669,1.2851,0.8678,1.2848,55.997
1777125841.3952947,1054,645,0.8705,1.2815,0.8702,1.2815,56.068
1777125841.4730742,1053,644,0.8741,1.2778,0.8744,1.2778,56.146
1777125841.5478878,1052,643,0.8777,1.2742,0.8768,1.2742,56.221
1777125841.6199567,1052,642,0.8777,1.2705,0.8786,1.2705,56.293
1777125841.6911874,1051,641,0.8813,1.2669,0.8810,1.2672,56.364
1777125841.765543,1050,640,0.8849,1.2632,0.8851,1.2622,56.439
1777125841.8353474,1049,638,0.8885,1.2559,0.8882,1.2568,56.508
1777125841.9065788,1048,637,0.8906,1.2531,0.8910,1.2535,56.580
1777125841.981435,1047,637,0.8943,1.2531,0.8944,1.2526,56.655
1777125842.052471,1046,636,0.8979,1.2495,0.8969,1.2488,56.726
1777125842.1252797,1046,634,0.8978,1.2422,0.8988,1.2431,56.798
1777125842.2000651,1045,633,0.9014,1.2385,0.9011,1.2379,56.873
1777125842.2700598,1044,632,0.9050,1.2349,0.9053,1.2361,56.943
1777125842.3475566,1043,632,0.9087,1.2349,0.9077,1.2330,57.021
1777125842.422784,1043,630,0.9086,1.2276,0.9095,1.2285,57.096
1777125842.493658,1042,629,0.9122,1.2239,0.9122,1.2249,57.167
1777125842.5709393,1041,629,0.9158,1.2239,0.9146,1.2221,57.244
1777125842.643519,1041,627,0.9158,1.2167,0.9180,1.2179,57.317
1777125842.719022,1039,626,0.9230,1.2130,0.9208,1.2127,57.392
1777125842.796722,1039,625,0.9230,1.2093,0.9242,1.2093,57.470
1777125842.8680825,1038,624,0.9266,1.2057,0.9263,1.2057,57.541
1777125842.941199,1037,623,0.9302,1.2020,0.9305,1.2020,57.614
1777125843.0187912,1036,622,0.9338,1.1984,0.9329,1.1984,57.692
1777125843.0909975,1036,621,0.9338,1.1947,0.9347,1.1947,57.764
1777125843.1671288,1035,620,0.9374,1.1911,0.9374,1.1911,57.840
1777125843.2392063,1034,619,0.9410,1.1874,0.9400,1.1874,57.912
1777125843.310587,1034,618,0.9409,1.1838,0.9422,1.1841,57.984
1777125843.3819222,1033,617,0.9445,1.1802,0.9433,1.1789,58.055
1777125843.4517574,1033,615,0.9445,1.1729,0.9457,1.1751,58.125
1777125843.5286832,1032,615,0.9481,1.1729,0.9469,1.1707,58.202
1777125843.5989804,1032,613,0.9481,1.1656,0.9490,1.1669,58.272
1777125843.6753938,1031,612,0.9517,1.1620,0.9513,1.1617,58.348
1777125843.7468839,1030,611,0.9553,1.1583,0.9556,1.1583,58.420
1777125843.8243184,1029,610,0.9589,1.1547,0.9579,1.1547,58.497
1777125843.8970623,1029,609,0.9588,1.1510,0.9604,1.1513,58.570
1777125843.9671335,1028,608,0.9624,1.1474,0.9604,1.1463,58.640
1777125844.0389946,1029,606,0.9587,1.1401,0.9602,1.1416,58.712
1777125844.11705,1029,605,0.9608,1.1387,0.9606,1.1378,58.790
1777125844.1931684,1028,604,0.9644,1.1350,0.9646,1.1352,58.866
1777125844.2680385,1027,603,0.9680,1.1314,0.9671,1.1317,58.941
1777125844.3390644,1027,602,0.9680,1.1277,0.9689,1.1268,59.012
1777125844.4111903,1026,600,0.9716,1.1205,0.9716,1.1214,59.084
1777125844.482899,1025,599,0.9752,1.1168,0.9745,1.1168,59.156
1777125844.5558276,1025,598,0.9751,1.1132,0.9751,1.1123,59.229
1777125844.6314125,1025,596,0.9751,1.1060,0.9760,1.1072,59.304
1777125844.7026103,1024,595,0.9787,1.1024,0.9771,1.1008,59.376
1777125844.7806063,1024,593,0.9786,1.0951,0.9808,1.0970,59.454
1777125844.8579316,1022,593,0.9859,1.0951,0.9840,1.0942,59.531
1777125844.9305122,1022,592,0.9859,1.0915,0.9862,1.0908,59.604
1777125845.0013692,1022,590,0.9858,1.0842,0.9868,1.0852,59.674
1777125845.072359,1021,589,0.9894,1.0806,0.9885,1.0803,59.745
1777125845.1473954,1021,588,0.9894,1.0770,0.9894,1.0770,59.820
1777125845.2256792,1021,587,0.9894,1.0734,0.9903,1.0737,59.899
1777125845.301338,1020,586,0.9930,1.0697,0.9920,1.0688,59.974
1777125845.3809702,1020,584,0.9929,1.0625,0.9932,1.0634,60.054
1777125845.4573727,1020,583,0.9929,1.0589,0.9929,1.0589,60.130
1777125845.5282335,1020,582,0.9929,1.0553,0.9925,1.0544,60.201
1777125845.5983467,1020,580,0.9928,1.0481,0.9937,1.0490,60.271
1777125845.669012,1019,579,0.9964,1.0444,0.9952,1.0441,60.342
1777125845.7423375,1019,578,0.9964,1.0408,0.9976,1.0408,60.415
1777125845.8198836,1018,577,1.0000,1.0372,0.9994,1.0375,60.493
1777125845.8885255,1018,576,1.0000,1.0336,0.9993,1.0326,60.562
1777125845.9600365,1019,574,0.9963,1.0264,0.9969,1.0273,60.633
1777125846.0311766,1019,573,0.9963,1.0228,0.9969,1.0228,60.704
1777125846.10107,1018,572,0.9999,1.0191,0.9989,1.0182,60.774
1777125846.1758382,1018,570,0.9998,1.0119,1.0001,1.0129,60.849
1777125846.250437,1018,569,0.9998,1.0083,0.9995,1.0080,60.924
1777125846.3229165,1018,568,0.9998,1.0047,1.0007,1.0050,60.996
1777125846.3999658,1017,567,1.0033,1.0011,1.0024,1.0002,61.073
1777125846.4693763,1017,565,1.0033,0.9939,1.0033,0.9948,61.142
1777125846.5441332,1017,564,1.0033,0.9903,1.0042,0.9899,61.217
1777125846.6161783,1016,563,1.0069,0.9866,1.0056,0.9866,61.289
1777125846.6923,1016,562,1.0068,0.9830,1.0081,0.9833,61.365
1777125846.7667272,1015,561,1.0104,0.9794,1.0095,0.9785,61.440
1777125846.842894,1015,559,1.0104,0.9722,1.0104,0.9731,61.516
1777125846.922834,1015,558,1.0104,0.9686,1.0113,0.9683,61.596
1777125847.0070522,1014,557,1.0139,0.9649,1.0127,0.9650,61.680
1777125847.0850046,1014,556,1.0139,0.9613,1.0152,0.9616,61.758
1777125847.1585145,1013,555,1.0175,0.9577,1.0166,0.9568,61.832
1777125847.2310193,1013,553,1.0175,0.9505,1.0175,0.9514,61.904
1777125847.3030126,1013,552,1.0174,0.9469,1.0187,0.9469,61.976
1777125847.3960893,1012,551,1.0210,0.9433,1.0188,0.9421,62.069
1777125847.4868834,1013,549,1.0174,0.9361,1.0195,0.9382,62.160
1777125847.5816329,1012,549,1.0210,0.9361,1.0197,0.9339,62.255
1777125847.6629293,1012,547,1.0209,0.9289,1.0206,0.9301,62.336
1777125847.741843,1012,546,1.0209,0.9253,1.0231,0.9253,62.415
1777125847.815812,1010,545,1.0281,0.9216,1.0253,0.9207,62.489
1777125847.8867714,1011,543,1.0244,0.9144,1.0260,0.9154,62.560
1777125847.964396,1011,542,1.0244,0.9108,1.0238,0.9105,62.637
1777125848.0413296,1011,541,1.0244,0.9072,1.0253,0.9072,62.714
1777125848.1198783,1010,540,1.0280,0.9036,1.0270,0.9036,62.793
1777125848.2033346,1010,539,1.0279,0.9000,1.0279,0.9000,62.876
1777125848.2866962,1010,538,1.0279,0.8964,1.0289,0.8964,62.960
1777125848.3699963,1009,537,1.0315,0.8928,1.0306,0.8931,63.043
1777125848.4502032,1009,536,1.0315,0.8892,1.0315,0.8883,63.123
1777125848.524792,1009,534,1.0314,0.8820,1.0321,0.8829,63.198
1777125848.6011927,1008,533,1.0350,0.8784,1.0350,0.8781,63.274
1777125848.6794367,1007,532,1.0386,0.8747,1.0380,0.8751,63.353
1777125848.749887,1007,531,1.0386,0.8711,1.0386,0.8702,63.423
1777125848.8216681,1007,529,1.0385,0.8640,1.0395,0.8649,63.495
1777125848.8926013,1006,528,1.0421,0.8603,1.0412,0.8603,63.566
1777125848.969056,1006,527,1.0421,0.8567,1.0421,0.8558,63.642
1777125849.0420613,1006,525,1.0420,0.8495,1.0430,0.8505,63.715
1777125849.1154647,1005,524,1.0456,0.8459,1.0447,0.8456,63.789
1777125849.187155,1005,523,1.0456,0.8423,1.0456,0.8423,63.860
1777125849.26529,1005,522,1.0456,0.8387,1.0465,0.8390,63.938
1777125849.3364875,1004,521,1.0492,0.8351,1.0479,0.8342,64.010
1777125849.4122818,1004,519,1.0491,0.8279,1.0504,0.8288,64.085
1777125849.4915185,1003,518,1.0527,0.8243,1.0515,0.8240,64.165
1777125849.5684986,1003,517,1.0527,0.8207,1.0539,0.8210,64.242
1777125849.6401274,1002,516,1.0562,0.8171,1.0550,0.8162,64.313
1777125849.7148404,1002,514,1.0562,0.8099,1.0574,0.8108,64.388
1777125849.794754,1001,513,1.0598,0.8063,1.0588,0.8060,64.468
1777125849.8810248,1001,512,1.0598,0.8027,1.0598,0.8030,64.554
1777125849.9542851,1001,511,1.0597,0.7991,1.0606,0.7982,64.627
1777125850.0377443,1000,509,1.0633,0.7919,1.0622,0.7932,64.711
1777125850.1156454,1000,508,1.0633,0.7883,1.0638,0.7868,64.789
1777125850.198425,999,507,1.0653,0.7799,1.0657,0.7811,64.872
1777125850.2749977,998,506,1.0689,0.7763,1.0682,0.7762,64.948
1777125850.3552148,998,505,1.0689,0.7727,1.0689,0.7715,65.028
1777125850.4337735,998,503,1.0688,0.7655,1.0698,0.7677,65.107
1777125850.51365,997,503,1.0724,0.7655,1.0712,0.7634,65.187
1777125850.6036878,997,501,1.0724,0.7583,1.0736,0.7596,65.277
1777125850.7007613,996,500,1.0760,0.7547,1.0750,0.7544,65.374
1777125850.7864885,996,499,1.0759,0.7511,1.0762,0.7511,65.460
1777125850.869155,996,498,1.0759,0.7476,1.0756,0.7476,65.542
1777125850.947694,996,497,1.0759,0.7440,1.0765,0.7440,65.621
1777125851.01916,995,496,1.0794,0.7404,1.0791,0.7404,65.692
1777125851.0894053,994,495,1.0830,0.7368,1.0833,0.7368,65.762
1777125851.1617239,993,494,1.0866,0.7332,1.0857,0.7332,65.835
1777125851.2327611,993,493,1.0866,0.7296,1.0875,0.7296,65.906
1777125851.3082092,992,492,1.0901,0.7260,1.0901,0.7260,65.981
1777125851.3856103,991,491,1.0937,0.7224,1.0928,0.7227,66.059
1777125851.459708,991,490,1.0937,0.7188,1.0949,0.7179,66.133
1777125851.531449,990,488,1.0972,0.7116,1.0960,0.7122,66.205
1777125851.6032166,990,487,1.0972,0.7080,1.0984,0.7090,66.276
1777125851.6808944,989,487,1.1008,0.7080,1.0998,0.7062,66.354
1777125851.7525823,989,485,1.1007,0.7009,1.1004,0.7018,66.426
1777125851.8286533,989,484,1.1007,0.6973,1.1025,0.6982,66.502
1777125851.9000654,987,484,1.1079,0.6972,1.1060,0.6954,66.573
1777125851.9707637,987,482,1.1078,0.6901,1.1081,0.6913,66.644
1777125852.0427034,987,481,1.1078,0.6865,1.1087,0.6862,66.716
1777125852.1136606,986,480,1.1114,0.6829,1.1101,0.6829,66.787
1777125852.190012,986,479,1.1113,0.6793,1.1122,0.6793,66.863
1777125852.2628634,985,478,1.1149,0.6757,1.1146,0.6754,66.936
1777125852.3409843,984,477,1.1185,0.6721,1.1188,0.6734,67.014
1777125852.4142835,983,477,1.1221,0.6721,1.1211,0.6703,67.087
1777125852.485406,983,475,1.1220,0.6650,1.1235,0.6665,67.158
1777125852.5582628,982,474,1.1256,0.6614,1.1234,0.6602,67.231
1777125852.629943,983,472,1.1219,0.6543,1.1237,0.6549,67.303
1777125852.706868,982,471,1.1255,0.6507,1.1251,0.6513,67.380
1777125852.776041,981,471,1.1290,0.6507,1.1281,0.6500,67.449
1777125852.8531506,981,470,1.1290,0.6471,1.1299,0.6465,67.526
1777125852.926807,980,468,1.1325,0.6399,1.1322,0.6405,67.600
1777125853.006791,979,467,1.1361,0.6363,1.1364,0.6372,67.680
1777125853.0849454,978,467,1.1397,0.6363,1.1388,0.6345,67.758
1777125853.1566317,978,465,1.1396,0.6292,1.1409,0.6304,67.830
1777125853.2312436,977,464,1.1432,0.6256,1.1420,0.6253,67.904
1777125853.3036196,977,463,1.1432,0.6220,1.1441,0.6220,67.977
1777125853.3801742,976,462,1.1467,0.6184,1.1464,0.6184,68.053
1777125853.4535038,975,461,1.1503,0.6148,1.1503,0.6148,68.127
1777125853.524095,974,460,1.1538,0.6112,1.1536,0.6104,68.197
1777125853.6042187,973,459,1.1574,0.6077,1.1582,0.6100,68.277
1777125853.6809483,973,458,1.1641,0.6142,1.1633,0.6125,68.354
1777125853.7574983,972,458,1.1677,0.6142,1.1679,0.6142,68.431
1777125853.8339598,971,457,1.1712,0.6107,1.1715,0.6110,68.507
1777125853.9096806,970,456,1.1748,0.6071,1.1739,0.6074,68.583
1777125853.9855924,970,455,1.1748,0.6035,1.1757,0.6026,68.659
1777125854.0554159,969,453,1.1783,0.5964,1.1783,0.5973,68.728
1777125854.1275103,968,452,1.1819,0.5929,1.1807,0.5926,68.801
1777125854.2025893,968,451,1.1819,0.5893,1.1840,0.5893,68.876
1777125854.2739732,966,450,1.1890,0.5857,1.1869,0.5857,68.947
1777125854.3428574,966,449,1.1890,0.5822,1.1903,0.5819,69.016
1777125854.4152,965,448,1.1926,0.5786,1.1926,0.5798,69.088
1777125854.487641,964,448,1.1962,0.5786,1.1952,0.5765,69.161
1777125854.564752,964,446,1.1961,0.5715,1.1971,0.5736,69.238
1777125854.6399424,963,446,1.1997,0.5715,1.1994,0.5703,69.313
1777125854.714659,962,445,1.2033,0.5679,1.2033,0.5682,69.388
1777125854.7875292,961,444,1.2069,0.5644,1.2072,0.5644,69.461
1777125854.8673234,960,443,1.2104,0.5608,1.2095,0.5608,69.540
1777125854.93842,960,442,1.2104,0.5573,1.2113,0.5573,69.612
1777125855.0139933,959,441,1.2140,0.5537,1.2140,0.5534,69.687
1777125855.0842898,958,440,1.2175,0.5501,1.2166,0.5514,69.757
1777125855.1602585,958,440,1.2175,0.5501,1.2185,0.5480,69.833
1777125855.2399993,957,438,1.2211,0.5430,1.2211,0.5455,69.913
1777125855.3200061,956,438,1.2247,0.5430,1.2237,0.5409,69.993
1777125855.3944016,956,436,1.2246,0.5359,1.2256,0.5371,70.067
1777125855.4811416,955,435,1.2282,0.5324,1.2279,0.5317,70.154
1777125855.5661206,954,434,1.2318,0.5288,1.2318,0.5297,70.239
1777125855.6622443,953,434,1.2353,0.5288,1.2353,0.5279,70.335
1777125855.7486646,952,433,1.2389,0.5252,1.2389,0.5255,70.422
1777125855.837459,951,432,1.2425,0.5217,1.2428,0.5217,70.511
1777125855.9244814,950,431,1.2460,0.5181,1.2448,0.5178,70.598
1777125856.0012388,950,430,1.2460,0.5146,1.2482,0.5155,70.674
1777125856.0834148,948,430,1.2532,0.5146,1.2507,0.5137,70.756
1777125856.1756256,948,429,1.2531,0.5110,1.2553,0.5127,70.849
1777125856.2678297,946,428,1.2603,0.5075,1.2590,0.5033,70.941
1777125856.3581963,946,427,1.2636,0.4876,1.2640,0.4918,71.031
1777125856.4473245,945,426,1.2672,0.4840,1.2672,0.4826,71.120
1777125856.5382614,944,425,1.2707,0.4804,1.2704,0.4798,71.211
1777125856.628555,943,424,1.2743,0.4767,1.2755,0.4789,71.302
1777125856.7158575,941,425,1.2815,0.4802,1.2796,0.4772,71.389
1777125856.7985492,941,423,1.2814,0.4731,1.2827,0.4755,71.472
1777125856.8765607,940,423,1.2850,0.4730,1.2847,0.4718,71.550
1777125856.972326,939,422,1.2885,0.4694,1.2885,0.4697,71.645
1777125857.060443,938,421,1.2921,0.4658,1.2924,0.4658,71.734
1777125857.163558,937,420,1.2956,0.4621,1.2947,0.4622,71.837
1777125857.2563539,937,419,1.2956,0.4586,1.2965,0.4582,71.929
1777125857.3403203,936,418,1.2991,0.4549,1.2988,0.4559,72.013
1777125857.4154704,935,418,1.3027,0.4549,1.3024,0.4537,72.089
1777125857.4922943,934,417,1.3063,0.4513,1.3075,0.4528,72.165
1777125857.5660684,932,417,1.3134,0.4512,1.3116,0.4494,72.239
1777125857.6395226,932,415,1.3133,0.4440,1.3146,0.4449,72.313
1777125857.7168417,931,414,1.3169,0.4404,1.3166,0.4410,72.390
1777125857.7955425,930,414,1.3205,0.4403,1.3205,0.4394,72.469
1777125857.8708205,929,413,1.3240,0.4367,1.3240,0.4370,72.544
1777125857.9400609,928,412,1.3276,0.4331,1.3276,0.4328,72.613
1777125858.017066,927,411,1.3311,0.4294,1.3311,0.4304,72.690
1777125858.0948822,926,411,1.3347,0.4294,1.3347,0.4285,72.768
1777125858.1721983,925,410,1.3382,0.4258,1.3382,0.4258,72.845
1777125858.2534306,924,409,1.3418,0.4221,1.3418,0.4231,72.927
1777125858.3378468,923,409,1.3454,0.4221,1.3454,0.4212,73.011
1777125858.4189987,922,408,1.3489,0.4185,1.3489,0.4185,73.092
1777125858.4912226,921,407,1.3525,0.4148,1.3525,0.4158,73.164
1777125858.569408,920,407,1.3561,0.4148,1.3557,0.4136,73.242
1777125858.6429842,919,406,1.3596,0.4112,1.3609,0.4124,73.316
1777125858.7215226,917,406,1.3668,0.4111,1.3649,0.4102,73.395
1777125858.7936594,917,405,1.3667,0.4075,1.3680,0.4078,73.467
1777125858.8648398,916,404,1.3703,0.4039,1.3697,0.4036,73.538
1777125858.9410496,915,403,1.3738,0.4002,1.3748,0.4012,73.614
1777125859.016757,913,403,1.3810,0.4002,1.3801,0.3992,73.690
1777125859.1014342,912,402,1.3846,0.3965,1.3849,0.3968,73.775
1777125859.179929,911,401,1.3881,0.3929,1.3881,0.3926,73.853
1777125859.252736,910,400,1.3917,0.3893,1.3917,0.3899,73.926
1777125859.3348296,909,400,1.3952,0.3892,1.3952,0.3892,74.008
1777125859.415431,908,400,1.3988,0.3892,1.3988,0.3883,74.089
1777125859.4938428,907,399,1.4024,0.3855,1.4021,0.3868,74.167
1777125859.5694716,906,399,1.4060,0.3855,1.4069,0.3843,74.243
1777125859.6523283,904,398,1.4131,0.3818,1.4122,0.3828,74.325
1777125859.7338169,903,398,1.4167,0.3818,1.4170,0.3818,74.407
1777125859.8121142,902,398,1.4203,0.3818,1.4203,0.3808,74.485
1777125859.887869,901,397,1.4238,0.3781,1.4238,0.3794,74.561
1777125859.9770555,900,397,1.4274,0.3781,1.4274,0.3769,74.650
1777125860.0584872,899,396,1.4310,0.3745,1.4310,0.3757,74.732
1777125860.139387,898,396,1.4345,0.3744,1.4342,0.3732,74.812
1777125860.216002,897,395,1.4381,0.3708,1.4390,0.3720,74.889
1777125860.2932673,895,395,1.4453,0.3707,1.4443,0.3698,74.966
1777125860.382642,894,394,1.4488,0.3671,1.4491,0.3671,75.056
1777125860.4608617,893,393,1.4524,0.3634,1.4524,0.3640,75.134
1777125860.5391815,892,393,1.4560,0.3634,1.4560,0.3631,75.212
1777125860.6259098,891,393,1.4595,0.3634,1.4595,0.3637,75.299
1777125860.7249997,890,393,1.4631,0.3633,1.4631,0.3624,75.398
1777125860.81631,889,392,1.4667,0.3597,1.4667,0.3609,75.489
1777125860.907121,888,392,1.4703,0.3596,1.4699,0.3581,75.580
1777125860.9984536,887,391,1.4738,0.3560,1.4748,0.3582,75.672
1777125861.081201,885,392,1.4810,0.3595,1.4801,0.3574,75.754
1777125861.1590884,884,391,1.4846,0.3559,1.4849,0.3571,75.832
1777125861.2453873,883,391,1.4882,0.3558,1.4882,0.3555,75.918
1777125861.3191674,882,391,1.4917,0.3558,1.4917,0.3561,75.992
1777125861.39215,881,391,1.4953,0.3558,1.4953,0.3548,76.065
1777125861.4656186,880,390,1.4989,0.3521,1.4986,0.3534,76.139
1777125861.5393512,879,390,1.5025,0.3521,1.5037,0.3512,76.212
1777125861.617149,877,389,1.5096,0.3484,1.5074,0.3484,76.290
1777125861.6889265,877,388,1.5096,0.3448,1.5117,0.3454,76.362
1777125861.768041,875,388,1.5167,0.3447,1.5155,0.3445,76.441
1777125861.8432314,874,388,1.5203,0.3447,1.5206,0.3447,76.516
1777125861.920256,873,388,1.5239,0.3447,1.5239,0.3450,76.593
1777125861.9938486,872,388,1.5275,0.3446,1.5272,0.3437,76.667
1777125862.0672286,871,387,1.5310,0.3410,1.5323,0.3422,76.740
1777125862.143232,869,387,1.5382,0.3409,1.5361,0.3394,76.816
1777125862.2240493,869,386,1.5382,0.3373,1.5404,0.3395,76.897
1777125862.2978754,867,387,1.5454,0.3408,1.5441,0.3387,76.971
1777125862.3769903,866,386,1.5489,0.3372,1.5493,0.3387,77.050
1777125862.459886,865,386,1.5525,0.3372,1.5525,0.3362,77.133
1777125862.5442224,864,385,1.5561,0.3335,1.5558,0.3335,77.217
1777125862.6159506,863,384,1.5596,0.3299,1.5606,0.3305,77.289
1777125862.692019,861,384,1.5668,0.3298,1.5657,0.3295,77.365
1777125862.7643473,860,384,1.5697,0.3297,1.5702,0.3297,77.437
1777125862.8449113,859,384,1.5733,0.3296,1.5732,0.3296,77.518
1777125862.92764,858,384,1.5768,0.3296,1.5768,0.3299,77.601
1777125863.0101993,857,384,1.5804,0.3295,1.5804,0.3286,77.683
1777125863.085923,856,383,1.5839,0.3259,1.5839,0.3268,77.759
1777125863.17317,855,383,1.5875,0.3259,1.5872,0.3259,77.846
1777125863.2577593,854,383,1.5911,0.3258,1.5920,0.3249,77.931
1777125863.3333313,852,382,1.5982,0.3222,1.5973,0.3228,78.006
1777125863.4171505,851,382,1.6018,0.3221,1.6021,0.3234,78.090
1777125863.4979098,850,383,1.6054,0.3257,1.6053,0.3229,78.171
1777125863.580006,849,381,1.6089,0.3185,1.6086,0.3206,78.253
1777125863.6638548,848,381,1.6124,0.3184,1.6134,0.3178,78.337
1777125863.7458184,846,381,1.6196,0.3184,1.6187,0.3184,78.419
1777125863.8279936,845,381,1.6232,0.3183,1.6235,0.3183,78.501
1777125863.9065962,844,381,1.6267,0.3183,1.6267,0.3186,78.580
1777125863.9848928,843,381,1.6303,0.3182,1.6304,0.3166,78.658
1777125864.0662332,842,380,1.6338,0.3146,1.6336,0.3179,78.739
1777125864.1556404,841,381,1.6364,0.3226,1.6375,0.3172,78.829
1777125864.2442307,840,380,1.6400,0.3189,1.6370,0.3267,78.917
1777125864.3199003,839,380,1.6333,0.3429,1.6368,0.3365,78.993
1777125864.392146,837,380,1.6403,0.3429,1.6385,0.3453,79.065
1777125864.4592874,836,380,1.6437,0.3430,1.6440,0.3418,79.132
1777125864.5324283,835,379,1.6472,0.3395,1.6472,0.3416,79.206
1777125864.5954428,834,380,1.6507,0.3430,1.6507,0.3406,79.269
1777125864.6614838,833,379,1.6541,0.3395,1.6541,0.3419,79.335
1777125864.7335336,832,380,1.6576,0.3430,1.6576,0.3406,79.407
1777125864.7994847,831,379,1.6610,0.3395,1.6608,0.3419,79.473
1777125864.8648088,830,380,1.6645,0.3430,1.6657,0.3409,79.538
1777125864.936437,828,379,1.6714,0.3395,1.6694,0.3407,79.610
1777125865.0011296,828,379,1.6714,0.3395,1.6735,0.3392,79.674
1777125865.0675962,826,379,1.6783,0.3396,1.6772,0.3396,79.741
1777125865.141156,825,379,1.6818,0.3396,1.6821,0.3396,79.814
1777125865.2100813,824,379,1.6853,0.3396,1.6850,0.3396,79.883
1777125865.2796693,823,379,1.6887,0.3396,1.6896,0.3399,79.953
1777125865.3519785,821,379,1.6956,0.3396,1.6947,0.3387,80.025
1777125865.4203818,820,378,1.6991,0.3361,1.6994,0.3364,80.093
1777125865.4889555,819,378,1.7025,0.3361,1.7025,0.3382,80.162
1777125865.557252,818,380,1.7060,0.3431,1.7057,0.3395,80.230
1777125865.6244144,817,378,1.7095,0.3362,1.7103,0.3389,80.297
1777125865.690531,815,378,1.7164,0.3362,1.7155,0.3344,80.364
1777125865.7622468,814,377,1.7198,0.3327,1.7198,0.3348,80.435
1777125865.8283842,813,378,1.7233,0.3362,1.7242,0.3341,80.501
1777125865.897283,811,377,1.7302,0.3327,1.7293,0.3339,80.570
1777125865.9687362,810,377,1.7336,0.3327,1.7339,0.3324,80.642
1777125866.03157,809,377,1.7371,0.3327,1.7371,0.3330,80.705
1777125866.0966988,808,377,1.7405,0.3327,1.7405,0.3318,80.770
1777125866.1668234,807,376,1.7440,0.3293,1.7437,0.3302,80.840
1777125866.2362683,806,376,1.7474,0.3293,1.7483,0.3287,80.909
1777125866.3011148,804,376,1.7543,0.3293,1.7534,0.3305,80.974
1777125866.3656778,803,377,1.7578,0.3328,1.7578,0.3325,81.039
1777125866.4304376,802,376,1.7612,0.3293,1.7621,0.3266,81.104
1777125866.501215,800,371,1.7681,0.3118,1.7672,0.3118,81.174
1777125866.5667171,799,369,1.7716,0.3048,1.7699,0.3149,81.240
1777125866.6326654,798,377,1.7750,0.3329,1.7811,0.3172,81.306
1777125866.7048948,797,377,1.8019,0.3028,1.7963,0.3141,81.378
1777125866.7768614,796,377,1.8048,0.3043,1.8048,0.2986,81.450
1777125866.8596084,795,375,1.8014,0.2949,1.8040,0.2983,81.533
1777125866.9315886,793,376,1.8085,0.2984,1.8070,0.2970,81.605
1777125867.0061092,792,376,1.8121,0.2983,1.8124,0.2977,81.679
1777125867.0808237,791,375,1.8157,0.2947,1.8154,0.2956,81.754
1777125867.157537,790,375,1.8192,0.2947,1.8201,0.2944,81.831
1777125867.236424,788,375,1.8263,0.2946,1.8254,0.2946,81.910
1777125867.3162143,787,375,1.8299,0.2946,1.8302,0.2949,81.989
1777125867.3881829,786,375,1.8335,0.2945,1.8335,0.2936,82.061
1777125867.4634216,785,374,1.8370,0.2909,1.8367,0.2915,82.137
1777125867.5380251,784,374,1.8406,0.2909,1.8415,0.2918,82.211
1777125867.6168458,782,375,1.8477,0.2944,1.8468,0.2925,82.290
1777125867.6888406,781,374,1.8513,0.2908,1.8516,0.2923,82.362
1777125867.7602208,780,374,1.8548,0.2907,1.8545,0.2895,82.433
1777125867.8314424,779,373,1.8584,0.2871,1.8596,0.2880,82.505
1777125867.903002,777,373,1.8655,0.2870,1.8634,0.2870,82.576
1777125867.9820635,777,373,1.8655,0.2870,1.8676,0.2861,82.655
1777125868.056563,775,372,1.8726,0.2834,1.8714,0.2843,82.730
1777125868.1359224,774,372,1.8762,0.2833,1.8765,0.2830,82.809
1777125868.2123668,773,372,1.8797,0.2833,1.8797,0.2833,82.885
1777125868.2905,772,372,1.8833,0.2832,1.8830,0.2832,82.964
1777125868.3694508,771,372,1.8869,0.2832,1.8878,0.2835,83.043
1777125868.442497,769,372,1.8940,0.2831,1.8931,0.2822,83.116
1777125868.521143,768,371,1.8975,0.2795,1.8959,0.2801,83.194
1777125868.6002998,767,371,1.9011,0.2795,1.9071,0.2801,83.273
1777125868.6823719,766,372,1.9279,0.2831,1.9216,0.2825,83.355
1777125868.7569807,765,372,1.9315,0.2831,1.9344,0.2828,83.430
1777125868.8313217,763,371,1.9387,0.2794,1.9378,0.2794,83.504
1777125868.9036908,762,370,1.9423,0.2758,1.9426,0.2764,83.577
1777125868.9760706,761,370,1.9459,0.2758,1.9459,0.2755,83.649
1777125869.0533206,760,370,1.9495,0.2758,1.9492,0.2758,83.726
1777125869.1327097,759,370,1.9531,0.2758,1.9541,0.2758,83.806
1777125869.2183573,757,370,1.9603,0.2758,1.9594,0.2761,83.891
1777125869.2995787,756,370,1.9639,0.2758,1.9643,0.2748,83.973
1777125869.3726273,755,369,1.9676,0.2721,1.9672,0.2730,84.046
1777125869.4466023,754,369,1.9712,0.2721,1.9721,0.2718,84.120
1777125869.5203586,752,369,1.9784,0.2721,1.9774,0.2721,84.193
1777125869.5947242,751,369,1.9820,0.2721,1.9823,0.2721,84.268
1777125869.6703806,750,369,1.9856,0.2721,1.9856,0.2724,84.343
1777125869.747689,749,369,1.9892,0.2721,1.9892,0.2711,84.421
1777125869.8300028,748,368,1.9928,0.2684,1.9925,0.2697,84.503
1777125869.9093482,747,368,1.9964,0.2684,1.9973,0.2668,84.582
1777125869.983112,745,367,2.0036,0.2647,2.0027,0.2673,84.656
1777125870.056885,744,368,2.0072,0.2684,2.0075,0.2646,84.730
1777125870.1295228,743,366,2.0109,0.2611,2.0108,0.2648,84.803
1777125870.2073107,742,368,2.0144,0.2684,2.0144,0.2671,84.880
1777125870.280652,741,369,2.0179,0.2720,2.0180,0.2708,84.954
1777125870.3606596,740,368,2.0216,0.2684,2.0216,0.2700,85.034
1777125870.440652,739,368,2.0252,0.2684,2.0249,0.2674,85.114
1777125870.520544,738,367,2.0288,0.2647,2.0297,0.2647,85.194
1777125870.6005027,736,366,2.0360,0.2611,2.0351,0.2617,85.274
1777125870.6724267,735,366,2.0396,0.2611,2.0396,0.2607,85.346
1777125870.7461374,734,366,2.0432,0.2611,2.0442,0.2611,85.419
1777125870.820533,732,366,2.0504,0.2610,2.0537,0.2596,85.494
1777125870.8950114,731,366,2.0540,0.2610,2.0418,0.2651,85.568
1777125870.9714975,730,365,2.0088,0.2778,2.0213,0.2744,85.645
1777125871.0556395,729,366,2.0123,0.2813,2.0078,0.2822,85.729
1777125871.1347988,728,366,2.0157,0.2813,2.0166,0.2810,85.808
1777125871.208322,726,365,2.0226,0.2778,2.0217,0.2778,85.881
1777125871.2825155,725,364,2.0260,0.2743,2.0263,0.2749,85.956
1777125871.36084,724,364,2.0295,0.2743,2.0292,0.2737,86.034
1777125871.4345577,723,364,2.0329,0.2743,2.0341,0.2752,86.108
1777125871.5237458,721,365,2.0398,0.2778,2.0380,0.2769,86.197
1777125871.5960782,721,365,2.0398,0.2778,2.0407,0.2784,86.269
1777125871.6739798,720,365,2.0433,0.2778,2.0438,0.2769,86.347
1777125871.7467396,718,364,2.0501,0.2742,2.0492,0.2742,86.420
1777125871.8208315,717,364,2.0536,0.2742,2.0539,0.2769,86.494
1777125871.8997562,716,367,2.0570,0.2847,2.0570,0.2814,86.573
1777125871.9736075,715,366,2.0605,0.2812,2.0605,0.2821,86.647
1777125872.0610046,714,365,2.0639,0.2777,2.0636,0.2783,86.734
1777125872.1396983,713,365,2.0673,0.2777,2.0682,0.2780,86.813
1777125872.214572,711,365,2.0742,0.2777,2.0733,0.2759,86.888
1777125872.2966855,710,363,2.0776,0.2707,2.0779,0.2728,86.970
1777125872.372329,709,363,2.0811,0.2707,2.0808,0.2689,87.045
1777125872.4522116,708,362,2.0845,0.2672,2.0854,0.2693,87.125
1777125872.5289748,706,363,2.0914,0.2707,2.0905,0.2683,87.202
1777125872.6027505,705,362,2.0948,0.2672,2.0951,0.2696,87.276
1777125872.683781,704,363,2.0983,0.2707,2.0982,0.2686,87.357
1777125872.7651792,703,362,2.1017,0.2672,2.1020,0.2684,87.438
1777125872.8389919,702,362,2.1051,0.2672,2.1039,0.2672,87.512
1777125872.9119248,702,362,2.1051,0.2672,2.1069,0.2660,87.585
1777125872.9866853,700,361,2.1120,0.2636,2.1108,0.2651,87.660
1777125873.0653443,699,362,2.1154,0.2671,2.1157,0.2674,87.738
1777125873.13902,698,363,2.1189,0.2706,2.1186,0.2673,87.812
1777125873.210639,697,361,2.1223,0.2636,2.1232,0.2690,87.884
1777125873.2860138,695,364,2.1292,0.2741,2.1283,0.2690,87.959
1777125873.3651102,694,362,2.1326,0.2671,2.1329,0.2698,88.038
1777125873.4385371,693,362,2.1360,0.2671,2.1360,0.2665,88.112
1777125873.5200155,692,362,2.1394,0.2671,2.1392,0.2671,88.193
1777125873.59395,691,362,2.1429,0.2671,2.1438,0.2671,88.267
1777125873.6677434,689,362,2.1497,0.2671,2.1489,0.2671,88.341
1777125873.7413278,688,362,2.1532,0.2671,2.1535,0.2671,88.414
1777125873.8262308,687,362,2.1566,0.2671,2.1566,0.2671,88.499
1777125873.9053218,686,362,2.1600,0.2671,2.1600,0.2671,88.578
1777125873.979195,685,362,2.1635,0.2670,2.1632,0.2667,88.652
1777125874.0576851,684,362,2.1669,0.2670,2.1678,0.2679,88.731
1777125874.135853,682,363,2.1738,0.2705,2.1729,0.2699,88.809
1777125874.211876,681,363,2.1772,0.2705,2.1770,0.2678,88.885
1777125874.2954655,680,362,2.1806,0.2670,2.1820,0.2747,88.969
1777125874.3674788,679,363,2.1893,0.2922,2.1879,0.2846,89.041
1777125874.4462998,678,362,2.1927,0.2888,2.1932,0.2918,89.119
1777125874.5190492,677,362,2.1961,0.2888,2.1961,0.2885,89.192
1777125874.5941691,676,362,2.1996,0.2888,2.1996,0.2891,89.267
1777125874.6673443,675,362,2.2030,0.2889,2.1990,0.2919,89.340
1777125874.7441566,674,361,2.2064,0.2854,2.2179,0.2744,89.417
1777125874.8154385,672,361,2.2559,0.2402,2.2450,0.2524,89.489
1777125874.8859007,670,362,2.2631,0.2437,2.2661,0.2389,89.559
1777125874.962778,669,362,2.2668,0.2437,2.2671,0.2440,89.636
1777125875.0402806,668,362,2.2704,0.2437,2.2704,0.2437,89.713
1777125875.1127355,667,362,2.2740,0.2436,2.2740,0.2439,89.786
1777125875.1890368,666,362,2.2777,0.2436,2.2777,0.2420,89.862
1777125875.2642417,665,361,2.2813,0.2399,2.2810,0.2427,89.937
1777125875.3415847,664,363,2.2849,0.2471,2.2859,0.2449,90.015
1777125875.4103568,662,363,2.2922,0.2470,2.2913,0.2483,90.083
1777125875.4841933,661,363,2.2959,0.2470,2.2962,0.2445,90.157
1777125875.5546153,660,361,2.2995,0.2397,2.2995,0.2434,90.228
1777125875.624163,659,363,2.3031,0.2469,2.3031,0.2447,90.297
1777125875.6935115,658,363,2.3068,0.2469,2.3068,0.2465,90.367
1777125875.7676463,657,362,2.3104,0.2432,2.3101,0.2441,90.441
1777125875.837447,656,362,2.3141,0.2431,2.3150,0.2428,90.511
1777125875.9134784,654,362,2.3213,0.2430,2.3201,0.2434,90.587
1777125875.9845073,653,362,2.3250,0.2430,2.3265,0.2417,90.658
1777125876.0600665,651,361,2.3323,0.2393,2.3301,0.2415,90.733
1777125876.130458,651,362,2.3323,0.2429,2.3345,0.2404,90.804
1777125876.2096422,649,361,2.3396,0.2392,2.3383,0.2411,90.883
1777125876.2904866,648,362,2.3432,0.2428,2.3435,0.2428,90.964
1777125876.3770163,647,363,2.3468,0.2464,2.3465,0.2448,91.050
1777125876.4568024,646,362,2.3504,0.2427,2.3514,0.2436,91.130
1777125876.5455344,644,362,2.3577,0.2426,2.3568,0.2435,91.219
1777125876.6221745,643,363,2.3613,0.2462,2.3617,0.2443,91.295
1777125876.6934123,642,362,2.3650,0.2425,2.3650,0.2437,91.366
1777125876.764243,641,362,2.3686,0.2425,2.3686,0.2418,91.437
1777125876.8337178,640,362,2.3723,0.2424,2.3723,0.2437,91.507
1777125876.9051945,639,363,2.3759,0.2460,2.3756,0.2438,91.578
1777125876.985587,638,362,2.3796,0.2423,2.3808,0.2445,91.659
1777125877.0570073,636,363,2.3868,0.2459,2.3846,0.2443,91.730
1777125877.137501,636,363,2.3868,0.2459,2.3890,0.2471,91.811
1777125877.207112,634,364,2.3941,0.2494,2.3932,0.2485,91.880
1777125877.2819943,633,364,2.3977,0.2494,2.3971,0.2497,91.955
1777125877.358224,633,364,2.3977,0.2494,2.3983,0.2497,92.031
1777125877.4285035,632,364,2.4014,0.2493,2.4020,0.2484,92.102
1777125877.4979284,630,363,2.4087,0.2456,2.4074,0.2466,92.171
1777125877.5741765,629,363,2.4123,0.2456,2.4136,0.2452,92.247
1777125877.64823,627,363,2.4196,0.2455,2.4186,0.2455,92.321
1777125877.7178795,626,363,2.4232,0.2454,2.4235,0.2451,92.391
1777125877.7937171,625,363,2.4269,0.2454,2.4269,0.2466,92.467
1777125877.8694832,624,364,2.4305,0.2490,2.4305,0.2474,92.543
1777125877.939348,623,363,2.4341,0.2453,2.4341,0.2456,92.612
1777125878.0083375,622,362,2.4378,0.2416,2.4375,0.2422,92.681
1777125878.0780034,621,362,2.4414,0.2416,2.4424,0.2409,92.751
1777125878.1485958,619,362,2.4487,0.2415,2.4475,0.2424,92.822
1777125878.2222245,618,363,2.4523,0.2451,2.4536,0.2441,92.895
1777125878.294247,616,363,2.4596,0.2450,2.4587,0.2453,92.967
1777125878.364558,615,363,2.4633,0.2449,2.4639,0.2449,93.038
1777125878.4484043,614,363,2.4669,0.2449,2.4663,0.2449,93.121
1777125878.5258238,614,363,2.4669,0.2449,2.4672,0.2449,93.199
1777125878.596983,614,363,2.4669,0.2449,2.4669,0.2449,93.270
1777125878.6738827,614,363,2.4669,0.2449,2.4669,0.2449,93.347
1777125878.7437823,614,363,2.4669,0.2449,2.4669,0.2449,93.417
1777125878.8213248,614,363,2.4669,0.2449,2.4669,0.2449,93.494
1777125878.8901143,614,363,2.4669,0.2449,2.4669,0.2449,93.563
1777125878.9593277,614,363,2.4669,0.2449,2.4669,0.2449,93.632
1777125879.0280323,614,363,2.4669,0.2449,2.4669,0.2449,93.701
1777125879.0985436,614,363,2.4669,0.2449,2.4669,0.2449,93.772
1777125879.1705813,614,363,2.4669,0.2449,2.4669,0.2449,93.844
1777125879.2506618,614,363,2.4669,0.2449,2.4669,0.2449,93.924
1777125879.3290815,614,363,2.4669,0.2449,2.4669,0.2449,94.002
1777125879.4008775,614,363,2.4669,0.2449,2.4669,0.2449,94.074
1777125879.4778032,614,363,2.4669,0.2449,2.4669,0.2449,94.151
1777125879.5510325,614,363,2.4669,0.2449,2.4669,0.2449,94.224
1777125879.6209455,614,363,2.4669,0.2449,2.4669,0.2449,94.294
1777125879.690013,614,363,2.4669,0.2449,2.4669,0.2449,94.363
1777125879.7653208,614,363,2.4669,0.2449,2.4669,0.2449,94.438
1777125879.8346574,614,363,2.4669,0.2449,2.4669,0.2449,94.508
1777125879.90455,614,363,2.4669,0.2449,2.4669,0.2449,94.578
1777125879.9812572,614,363,2.4669,0.2449,2.4669,0.2449,94.654
1777125880.0574403,614,363,2.4669,0.2449,2.4669,0.2449,94.731
1777125880.1272624,614,363,2.4669,0.2449,2.4669,0.2449,94.800
1777125880.2005215,614,363,2.4669,0.2449,2.4669,0.2449,94.874
1777125880.2695625,614,363,2.4669,0.2449,2.4669,0.2449,94.943
1777125880.3440673,614,363,2.4669,0.2449,2.4669,0.2449,95.017
